filename,width,height,class,xmin,ymin,xmax,ymax
image10.jpeg,104,104,modak,15,14,37,33
image10.jpeg,104,104,modak,36,10,55,28
image10.jpeg,104,104,modak,54,12,74,30
image10.jpeg,104,104,modak,70,18,91,39
image10.jpeg,104,104,modak,82,29,104,49
image10.jpeg,104,104,modak,48,47,70,73
image10.jpeg,104,104,modak,71,64,98,96
image10.jpeg,104,104,modak,38,75,76,103
image10.jpeg,104,104,modak,9,81,38,104
image10.jpeg,104,104,modak,1,63,20,96
image10.jpeg,104,104,modak,10,48,34,73
image12.jpeg,104,104,modak,28,12,85,65
image12.jpeg,104,104,modak,76,30,104,101
image12.jpeg,104,104,modak,10,4,41,46
image12.jpeg,104,104,modak,64,1,100,36
image14.jpeg,104,104,modak,1,1,104,100
image15.jpeg,104,104,modak,48,6,97,43
image15.jpeg,104,104,modak,54,38,102,79
image18.jpeg,275,183,modak,108,50,160,98
image18.jpeg,275,183,modak,157,65,209,116
image18.jpeg,275,183,modak,121,89,173,148
image18.jpeg,275,183,modak,71,79,126,138
image18.jpeg,275,183,modak,54,42,107,94
image18.jpeg,275,183,modak,98,14,151,60
image18.jpeg,275,183,modak,144,26,207,72
image20.jpeg,268,188,modak,85,53,139,100
image20.jpeg,268,188,modak,110,86,184,155
image20.jpeg,268,188,modak,174,69,230,127
image20.jpeg,268,188,modak,165,26,205,66
image20.jpeg,268,188,modak,132,47,182,96
image20.jpeg,268,188,modak,51,87,122,145
image20.jpeg,268,188,modak,34,46,89,102
image22.jpeg,308,164,modak,76,81,164,153
image22.jpeg,308,164,modak,154,64,224,128
image22.jpeg,308,164,modak,200,42,278,107
image22.jpeg,308,164,modak,137,26,210,76
image22.jpeg,308,164,modak,85,48,157,93
image23.jpeg,275,183,modak,49,73,113,145
image23.jpeg,275,183,modak,108,90,170,155
image23.jpeg,275,183,modak,162,62,219,130
image25.jpeg,276,183,modak,2,85,60,133
image25.jpeg,276,183,modak,46,102,99,144
image25.jpeg,276,183,modak,89,103,157,149
image25.jpeg,276,183,modak,154,99,215,150
image25.jpeg,276,183,modak,197,91,262,143
image27.jpeg,285,177,modak,19,39,141,109
image27.jpeg,285,177,modak,15,92,131,169
image27.jpeg,285,177,modak,119,70,222,150
image27.jpeg,285,177,modak,122,14,221,84
image28.jpeg,183,275,modak,82,79,131,130
image28.jpeg,183,275,modak,129,31,175,87
image28.jpeg,183,275,modak,94,47,142,110
image28.jpeg,183,275,modak,126,88,177,153
image28.jpeg,183,275,modak,2,4,50,39
image28.jpeg,183,275,modak,41,1,93,27
image30.jpeg,274,184,modak,93,34,175,126
image30.jpeg,274,184,modak,184,31,273,139
image30.jpeg,274,184,modak,48,79,128,169
image30.jpeg,274,184,modak,19,21,100,111
image30.jpeg,274,184,modak,65,7,135,64
image30.jpeg,274,184,modak,129,4,198,77
image31.jpeg,253,199,modak,89,49,156,107
image31.jpeg,253,199,modak,84,88,149,151
image31.jpeg,253,199,modak,57,126,122,196
image31.jpeg,253,199,modak,137,121,201,188
image31.jpeg,253,199,modak,151,82,206,143
image31.jpeg,253,199,modak,22,76,84,141
image33.jpeg,263,192,modak,1,27,135,190
image33.jpeg,263,192,modak,117,12,237,192
image34.jpeg,287,176,modak,86,2,185,69
image34.jpeg,287,176,modak,170,53,254,120
image34.jpeg,287,176,modak,157,94,250,173
image34.jpeg,287,176,modak,61,97,168,176
image34.jpeg,287,176,modak,83,49,178,125
image34.jpeg,287,176,modak,1,104,85,170
image34.jpeg,287,176,modak,36,37,99,121
image35.jpeg,259,194,modak,124,16,164,57
image35.jpeg,259,194,modak,160,39,206,85
image35.jpeg,259,194,modak,150,77,201,119
image35.jpeg,259,194,modak,110,54,155,96
image35.jpeg,259,194,modak,48,75,109,118
image35.jpeg,259,194,modak,102,95,153,145
image35.jpeg,259,194,modak,44,110,100,164
image37.jpeg,263,192,modak,96,16,183,82
image37.jpeg,263,192,modak,169,18,263,125
image37.jpeg,263,192,modak,108,118,230,192
image37.jpeg,263,192,modak,2,64,101,166
image39.jpeg,225,225,modak,83,102,158,177
image39.jpeg,225,225,modak,163,97,225,198
image39.jpeg,225,225,modak,99,159,176,225
image39.jpeg,225,225,modak,1,129,64,223
image39.jpeg,225,225,modak,7,55,77,137
image39.jpeg,225,225,modak,77,53,131,129
image39.jpeg,225,225,modak,125,40,204,125
image39.jpeg,225,225,modak,59,10,138,80
image39.jpeg,225,225,modak,165,1,225,73
image39.jpeg,225,225,modak,1,16,50,90
image41.jpeg,225,225,modak,107,13,211,88
image41.jpeg,225,225,modak,121,74,224,169
image43.jpeg,183,275,modak,56,110,108,168
image43.jpeg,183,275,modak,53,139,118,208
image43.jpeg,183,275,modak,104,110,158,188
image43.jpeg,183,275,modak,132,98,178,155
image43.jpeg,183,275,modak,114,70,154,125
image43.jpeg,183,275,modak,75,83,125,144
image43.jpeg,183,275,modak,40,34,86,69
image43.jpeg,183,275,modak,1,28,32,65
image45.jpeg,300,168,modak,69,23,145,96
image45.jpeg,300,168,modak,138,54,213,126
image45.jpeg,300,168,modak,202,80,289,160
image45.jpeg,300,168,modak,214,1,296,67
image45.jpeg,300,168,modak,9,83,98,151
image45.jpeg,300,168,modak,1,1,74,69
image45.jpeg,300,168,modak,113,1,201,55
image45.jpeg,300,168,modak,109,111,181,168
image46.jpeg,202,250,modak,39,106,94,171
image46.jpeg,202,250,modak,95,112,152,168
image46.jpeg,202,250,modak,93,147,158,212
image46.jpeg,202,250,modak,152,103,202,186
image46.jpeg,202,250,modak,83,81,150,131
image50.jpeg,275,183,modak,89,34,147,87
image50.jpeg,275,183,modak,134,71,200,120
image50.jpeg,275,183,modak,168,100,233,154
image50.jpeg,275,183,modak,188,58,246,108
image50.jpeg,275,183,modak,156,21,220,77
image50.jpeg,275,183,modak,72,73,152,139
image50.jpeg,275,183,modak,34,100,96,156
image50.jpeg,275,183,modak,11,77,77,123
image50.jpeg,275,183,modak,50,4,107,53
image50.jpeg,275,183,modak,110,116,176,169
image7.jpeg,104,104,modak,1,32,43,86
image7.jpeg,104,104,modak,44,42,90,93
image7.jpeg,104,104,modak,80,22,104,73
image7.jpeg,104,104,modak,41,20,82,57
image7.jpeg,104,104,modak,72,6,104,39
image7.jpeg,104,104,modak,29,1,74,31
image7.jpeg,104,104,modak,1,12,45,51
image8.jpeg,104,104,modak,1,18,30,55
image8.jpeg,104,104,modak,33,23,67,61
image8.jpeg,104,104,modak,72,25,104,65
image8.jpeg,104,104,modak,29,59,70,99
image8.jpeg,104,104,modak,36,1,72,33
images.jpg,310,163,modak,53,63,183,163
images.jpg,310,163,modak,93,1,201,90
images0.jpg,259,194,modak,51,25,122,102
images0.jpg,259,194,modak,116,64,183,143
images0.jpg,259,194,modak,137,12,199,80
images0.jpg,259,194,modak,188,29,259,110
images0.jpg,259,194,modak,196,1,259,61
images0.jpg,259,194,modak,69,1,144,44
images0.jpg,259,194,modak,138,1,207,28
images1.jpg,300,168,modak,64,54,123,117
images1.jpg,300,168,modak,113,67,179,139
images1.jpg,300,168,modak,184,47,242,117
images1.jpg,300,168,modak,190,23,229,75
images1.jpg,300,168,modak,124,10,181,87
images1.jpg,300,168,modak,71,28,116,73
images1.jpg,300,168,modak,97,12,137,59
images1.jpg,300,168,modak,153,16,188,54
images1.jpg,300,168,modak,222,1,259,37
images1.jpg,300,168,modak,265,3,300,36
images10.jpg,183,275,modak,53,147,105,191
images10.jpg,183,275,modak,88,130,133,177
images10.jpg,183,275,modak,116,167,168,210
images10.jpg,183,275,modak,109,204,157,258
images10.jpg,183,275,modak,53,245,94,275
images10.jpg,183,275,modak,6,226,55,268
images10.jpg,183,275,modak,34,186,69,223
images10.jpg,183,275,modak,2,154,37,192
images10.jpg,183,275,modak,34,128,78,162
images100.jpg,251,201,modak,50,115,83,154
images100.jpg,251,201,modak,75,115,123,159
images100.jpg,251,201,modak,121,122,157,163
images100.jpg,251,201,modak,147,117,197,154
images100.jpg,251,201,modak,174,92,207,130
images100.jpg,251,201,modak,141,79,178,110
images100.jpg,251,201,modak,100,92,143,117
images100.jpg,251,201,modak,59,87,96,116
images100.jpg,251,201,modak,26,101,65,134
images100.jpg,251,201,modak,22,79,63,112
images100.jpg,251,201,modak,97,47,130,77
images101.jpg,259,194,modak,53,35,111,87
images101.jpg,259,194,modak,102,52,158,98
images101.jpg,259,194,modak,99,12,156,57
images101.jpg,259,194,modak,148,31,210,87
images101.jpg,259,194,modak,152,76,209,127
images101.jpg,259,194,modak,102,104,172,156
images101.jpg,259,194,modak,59,81,120,133
images103.jpg,274,184,modak,5,71,123,166
images103.jpg,274,184,modak,71,33,142,91
images103.jpg,274,184,modak,113,1,199,56
images103.jpg,274,184,modak,154,34,239,115
images103.jpg,274,184,modak,107,88,181,160
images103.jpg,274,184,modak,177,88,261,182
images105.jpg,310,163,modak,136,45,194,102
images105.jpg,310,163,modak,131,5,205,55
images105.jpg,310,163,modak,77,86,161,143
images105.jpg,310,163,modak,177,78,249,155
images106.jpg,265,190,modak,116,46,213,155
images106.jpg,265,190,modak,27,55,123,153
images106.jpg,265,190,modak,51,28,125,89
images11.jpg,267,189,modak,39,35,97,131
images11.jpg,267,189,modak,103,32,169,94
images11.jpg,267,189,modak,176,24,250,109
images11.jpg,267,189,modak,132,4,186,59
images11.jpg,267,189,modak,57,6,124,70
images110.jpg,275,183,modak,49,17,117,104
images110.jpg,275,183,modak,110,49,189,139
images110.jpg,275,183,modak,60,100,120,170
images110.jpg,275,183,modak,10,81,70,160
images112.jpg,266,190,modak,78,80,146,145
images112.jpg,266,190,modak,143,109,223,166
images112.jpg,266,190,modak,193,77,254,141
images112.jpg,266,190,modak,191,33,260,83
images112.jpg,266,190,modak,124,15,194,64
images112.jpg,266,190,modak,76,31,135,95
images112.jpg,266,190,modak,123,51,204,119
images114.jpg,225,225,modak,95,81,146,138
images114.jpg,225,225,modak,155,86,225,142
images114.jpg,225,225,modak,117,135,185,199
images114.jpg,225,225,modak,52,127,111,192
images114.jpg,225,225,modak,26,81,79,135
images114.jpg,225,225,modak,55,39,124,91
images114.jpg,225,225,modak,119,36,176,93
images116.jpg,300,168,modak,155,29,230,109
images116.jpg,300,168,modak,180,110,250,168
images116.jpg,300,168,modak,122,94,193,162
images116.jpg,300,168,modak,39,41,96,87
images116.jpg,300,168,modak,2,56,67,120
images116.jpg,300,168,modak,81,7,143,71
images117.jpg,183,275,modak,51,128,88,160
images117.jpg,183,275,modak,82,157,119,188
images117.jpg,183,275,modak,113,147,155,176
images117.jpg,183,275,modak,126,115,159,151
images117.jpg,183,275,modak,105,98,136,131
images117.jpg,183,275,modak,88,124,127,158
images117.jpg,183,275,modak,70,98,102,132
images118.jpg,300,168,modak,90,50,153,122
images118.jpg,300,168,modak,150,71,203,141
images118.jpg,300,168,modak,211,91,275,158
images118.jpg,300,168,modak,230,44,290,121
images118.jpg,300,168,modak,196,6,250,73
images118.jpg,300,168,modak,160,34,233,102
images12.jpg,243,207,modak,105,101,224,193
images12.jpg,243,207,modak,164,65,243,138
images12.jpg,243,207,modak,120,39,196,93
images12.jpg,243,207,modak,173,23,243,73
images12.jpg,243,207,modak,114,7,188,53
images12.jpg,243,207,modak,57,7,125,42
images12.jpg,243,207,modak,46,31,134,73
images12.jpg,243,207,modak,63,59,148,123
images12.jpg,243,207,modak,3,95,105,194
images12.jpg,243,207,modak,1,17,61,67
images12.jpg,243,207,modak,1,49,55,114
images120.jpg,275,183,modak,70,35,130,79
images120.jpg,275,183,modak,127,55,173,99
images120.jpg,275,183,modak,166,83,220,130
images120.jpg,275,183,modak,198,49,240,100
images120.jpg,275,183,modak,161,25,203,70
images120.jpg,275,183,modak,117,15,162,52
images120.jpg,275,183,modak,44,53,90,103
images120.jpg,275,183,modak,85,80,134,121
images120.jpg,275,183,modak,138,107,192,156
images120.jpg,275,183,modak,101,128,149,170
images120.jpg,275,183,modak,40,100,98,148
images121.jpg,201,251,modak,78,137,133,202
images121.jpg,201,251,modak,134,132,199,193
images121.jpg,201,251,modak,95,94,158,146
images122.jpg,271,186,modak,81,41,177,164
images122.jpg,271,186,modak,169,17,269,156
images123.jpg,257,196,modak,46,49,120,113
images123.jpg,257,196,modak,142,42,213,102
images127.jpg,183,275,modak,32,43,96,112
images127.jpg,183,275,modak,43,86,118,163
images127.jpg,183,275,modak,110,85,181,168
images127.jpg,183,275,modak,135,128,183,224
images128.jpg,299,168,modak,66,89,178,157
images128.jpg,299,168,modak,180,73,297,160
images128.jpg,299,168,modak,194,45,299,106
images128.jpg,299,168,modak,111,47,208,116
images128.jpg,299,168,modak,11,55,110,119
images128.jpg,299,168,modak,47,21,137,90
images129.jpg,308,164,modak,83,38,229,164
images129.jpg,308,164,modak,130,5,251,106
images130.jpg,274,184,modak,62,73,150,149
images130.jpg,274,184,modak,126,99,226,182
images130.jpg,274,184,modak,138,47,232,107
images130.jpg,274,184,modak,70,39,151,81
images130.jpg,274,184,modak,2,47,74,117
images131.jpg,225,224,modak,21,72,75,125
images131.jpg,225,224,modak,72,64,145,137
images131.jpg,225,224,modak,142,80,210,146
images131.jpg,225,224,modak,120,25,188,85
images131.jpg,225,224,modak,54,24,120,76
images131.jpg,225,224,modak,46,126,113,200
images131.jpg,225,224,modak,113,136,178,208
images134.jpg,274,184,modak,101,16,183,101
images134.jpg,274,184,modak,128,99,193,181
images134.jpg,274,184,modak,55,83,128,173
images135.jpg,247,204,modak,41,68,120,133
images135.jpg,247,204,modak,83,104,159,180
images135.jpg,247,204,modak,118,51,191,124
images135.jpg,247,204,modak,151,12,222,77
images135.jpg,247,204,modak,87,15,152,74
images136.jpg,183,275,modak,38,88,155,188
images138.jpg,275,183,modak,72,62,135,156
images138.jpg,275,183,modak,147,59,213,152
images138.jpg,275,183,modak,187,40,245,123
images138.jpg,275,183,modak,147,25,193,82
images138.jpg,275,183,modak,112,44,166,122
images138.jpg,275,183,modak,72,28,128,90
images138.jpg,275,183,modak,31,40,87,126
images14.jpg,291,173,modak,92,36,162,107
images14.jpg,291,173,modak,150,68,214,138
images14.jpg,291,173,modak,216,58,284,139
images14.jpg,291,173,modak,156,2,235,73
images14.jpg,291,173,modak,183,131,256,173
images14.jpg,291,173,modak,100,116,172,173
images140.jpg,225,224,modak,42,103,95,154
images140.jpg,225,224,modak,46,36,113,87
images140.jpg,225,224,modak,131,25,187,72
images140.jpg,225,224,modak,172,67,220,128
images140.jpg,225,224,modak,125,119,170,174
images142.jpg,275,183,modak,82,84,163,150
images142.jpg,275,183,modak,127,66,196,129
images142.jpg,275,183,modak,26,82,86,124
images144.jpg,259,194,modak,104,47,155,98
images144.jpg,259,194,modak,151,69,206,123
images144.jpg,259,194,modak,167,116,216,162
images144.jpg,259,194,modak,120,146,180,194
images144.jpg,259,194,modak,106,100,160,152
images144.jpg,259,194,modak,56,125,107,169
images144.jpg,259,194,modak,55,78,108,130
images145.jpg,259,194,modak,45,38,110,87
images145.jpg,259,194,modak,107,52,162,106
images145.jpg,259,194,modak,161,79,214,134
images145.jpg,259,194,modak,108,99,173,158
images145.jpg,259,194,modak,56,84,108,143
images146.jpg,284,177,modak,17,29,86,91
images146.jpg,284,177,modak,83,54,145,118
images146.jpg,284,177,modak,151,80,206,143
images146.jpg,284,177,modak,203,95,270,164
images148.jpg,227,222,modak,43,38,95,93
images148.jpg,227,222,modak,92,28,158,80
images148.jpg,227,222,modak,139,77,199,140
images148.jpg,227,222,modak,106,131,155,187
images148.jpg,227,222,modak,40,129,106,182
images148.jpg,227,222,modak,19,88,74,137
images148.jpg,227,222,modak,67,74,131,133
images151.jpg,300,168,modak,42,51,129,147
images151.jpg,300,168,modak,145,86,228,168
images151.jpg,300,168,modak,204,33,300,119
images151.jpg,300,168,modak,120,12,201,95
images151.jpg,300,168,modak,35,5,121,74
images152.jpg,300,168,modak,106,78,200,168
images152.jpg,300,168,modak,177,24,241,96
images152.jpg,300,168,modak,124,34,191,106
images152.jpg,300,168,modak,73,22,130,93
images152.jpg,300,168,modak,123,2,184,60
images155.jpg,259,194,modak,94,114,139,148
images155.jpg,259,194,modak,122,139,170,180
images155.jpg,259,194,modak,165,121,200,154
images155.jpg,259,194,modak,163,93,199,120
images155.jpg,259,194,modak,192,100,233,137
images155.jpg,259,194,modak,152,66,192,97
images155.jpg,259,194,modak,131,105,172,141
images155.jpg,259,194,modak,62,123,108,166
images155.jpg,259,194,modak,55,95,98,128
images155.jpg,259,194,modak,64,68,103,94
images155.jpg,259,194,modak,91,86,129,112
images156.jpg,275,183,modak,61,36,120,85
images156.jpg,275,183,modak,110,55,170,114
images156.jpg,275,183,modak,165,37,219,97
images156.jpg,275,183,modak,151,98,215,148
images156.jpg,275,183,modak,109,119,160,173
images158.jpg,259,194,modak,77,51,126,90
images158.jpg,259,194,modak,114,80,147,121
images158.jpg,259,194,modak,144,62,190,106
images158.jpg,259,194,modak,134,121,172,160
images158.jpg,259,194,modak,90,124,137,164
images158.jpg,259,194,modak,54,92,99,127
images159.jpg,224,224,modak,86,177,118,212
images159.jpg,224,224,modak,118,181,147,212
images159.jpg,224,224,modak,79,110,106,136
images159.jpg,224,224,modak,111,106,141,126
images159.jpg,224,224,modak,135,121,164,142
images159.jpg,224,224,modak,136,94,168,118
images161.jpg,259,194,modak,59,32,177,131
images161.jpg,259,194,modak,169,48,259,183
images161.jpg,259,194,modak,1,70,80,194
images161.jpg,259,194,modak,65,105,206,194
images162.jpg,199,253,modak,60,124,124,171
images162.jpg,199,253,modak,87,52,152,117
images162.jpg,199,253,modak,39,161,93,226
images162.jpg,199,253,modak,102,153,153,200
images162.jpg,199,253,modak,116,118,167,176
images164.jpg,275,183,modak,44,60,128,136
images164.jpg,275,183,modak,110,83,178,162
images164.jpg,275,183,modak,169,57,235,140
images164.jpg,275,183,modak,132,25,204,87
images164.jpg,275,183,modak,74,17,147,80
images165.jpg,225,225,modak,57,59,97,90
images165.jpg,225,225,modak,94,80,133,116
images165.jpg,225,225,modak,110,109,154,151
images165.jpg,225,225,modak,78,132,117,171
images165.jpg,225,225,modak,116,151,151,191
images165.jpg,225,225,modak,57,96,104,133
images169.jpg,300,168,modak,54,54,95,97
images169.jpg,300,168,modak,84,69,136,108
images169.jpg,300,168,modak,129,64,176,105
images169.jpg,300,168,modak,100,34,138,66
images169.jpg,300,168,modak,110,103,148,143
images169.jpg,300,168,modak,68,96,111,145
images17.jpg,275,183,modak,44,60,113,122
images17.jpg,275,183,modak,53,84,129,143
images17.jpg,275,183,modak,128,85,193,162
images17.jpg,275,183,modak,168,65,237,137
images17.jpg,275,183,modak,169,42,234,98
images17.jpg,275,183,modak,131,28,181,83
images17.jpg,275,183,modak,116,64,165,108
images17.jpg,275,183,modak,76,36,127,96
images170.jpg,280,180,modak,32,53,125,141
images170.jpg,280,180,modak,102,3,188,76
images175.jpg,275,183,modak,28,87,95,147
images175.jpg,275,183,modak,73,110,162,183
images175.jpg,275,183,modak,126,70,194,137
images175.jpg,275,183,modak,119,46,171,92
images175.jpg,275,183,modak,180,48,242,107
images175.jpg,275,183,modak,186,99,272,183
images175.jpg,275,183,modak,53,49,120,104
images176.jpg,300,168,modak,107,53,223,126
images176.jpg,300,168,modak,191,2,299,90
images178.jpg,225,225,modak,35,50,131,135
images178.jpg,225,225,modak,129,53,223,137
images178.jpg,225,225,modak,107,122,206,218
images178.jpg,225,225,modak,22,119,119,212
images181.jpg,275,183,modak,35,77,131,168
images181.jpg,275,183,modak,133,87,242,182
images181.jpg,275,183,modak,199,15,275,118
images181.jpg,275,183,modak,92,3,196,84
images181.jpg,275,183,modak,3,1,97,82
images182.jpg,294,172,modak,6,1,105,78
images182.jpg,294,172,modak,99,5,197,93
images182.jpg,294,172,modak,197,2,294,83
images182.jpg,294,172,modak,191,71,288,172
images182.jpg,294,172,modak,92,83,200,172
images182.jpg,294,172,modak,6,79,110,172
images184.jpg,300,168,modak,54,109,117,168
images184.jpg,300,168,modak,135,94,208,164
images184.jpg,300,168,modak,8,92,63,157
images185.jpg,183,275,modak,41,119,165,228
images19.jpg,183,275,modak,43,90,131,143
images19.jpg,183,275,modak,132,75,179,128
images19.jpg,183,275,modak,115,176,172,225
images19.jpg,183,275,modak,32,151,97,201
images191.jpg,301,167,modak,66,63,176,135
images191.jpg,301,167,modak,162,55,255,122
images191.jpg,301,167,modak,156,23,238,80
images191.jpg,301,167,modak,97,18,167,71
images191.jpg,301,167,modak,34,37,112,94
images192.jpg,301,167,modak,5,56,82,146
images192.jpg,301,167,modak,78,47,153,158
images192.jpg,301,167,modak,34,20,94,91
images195.jpg,284,177,modak,36,68,117,151
images195.jpg,284,177,modak,112,72,180,170
images195.jpg,284,177,modak,172,55,251,148
images195.jpg,284,177,modak,108,43,175,103
images195.jpg,284,177,modak,169,32,253,97
images195.jpg,284,177,modak,41,25,116,104
images195.jpg,284,177,modak,102,14,180,72
images196.jpg,236,213,modak,102,87,204,160
images196.jpg,236,213,modak,53,111,132,178
images196.jpg,236,213,modak,33,60,105,117
images196.jpg,236,213,modak,83,7,144,68
images196.jpg,236,213,modak,136,7,232,77
images199.jpg,259,194,modak,44,32,87,77
images199.jpg,259,194,modak,1,43,53,93
images199.jpg,259,194,modak,1,20,43,58
images199.jpg,259,194,modak,3,3,49,36
images199.jpg,259,194,modak,53,2,100,43
images20.jpg,183,275,modak,28,104,90,176
images20.jpg,183,275,modak,70,127,128,203
images20.jpg,183,275,modak,135,117,183,180
images20.jpg,183,275,modak,98,114,143,170
images20.jpg,183,275,modak,63,88,118,143
images20.jpg,183,275,modak,126,90,183,147
images204.jpg,259,194,modak,67,82,133,139
images204.jpg,259,194,modak,141,71,210,133
images204.jpg,259,194,modak,152,122,251,194
images204.jpg,259,194,modak,207,81,259,159
images204.jpg,259,194,modak,6,114,86,193
images204.jpg,259,194,modak,75,129,155,194
images204.jpg,259,194,modak,34,53,95,111
images205.jpg,264,191,modak,41,38,97,96
images205.jpg,264,191,modak,99,68,164,110
images205.jpg,264,191,modak,173,91,233,148
images205.jpg,264,191,modak,110,122,174,179
images205.jpg,264,191,modak,39,100,100,154
images205.jpg,264,191,modak,107,22,161,68
images205.jpg,264,191,modak,161,30,213,82
images206.jpg,259,194,modak,81,33,125,72
images206.jpg,259,194,modak,122,26,171,71
images206.jpg,259,194,modak,158,50,206,86
images206.jpg,259,194,modak,176,89,216,126
images206.jpg,259,194,modak,148,124,198,164
images206.jpg,259,194,modak,102,128,156,176
images206.jpg,259,194,modak,62,112,105,158
images206.jpg,259,194,modak,96,74,138,117
images206.jpg,259,194,modak,135,82,175,126
images206.jpg,259,194,modak,49,64,97,112
images209.jpg,197,256,modak,1,122,51,186
images209.jpg,197,256,modak,18,161,80,229
images209.jpg,197,256,modak,86,164,154,227
images209.jpg,197,256,modak,127,127,191,192
images209.jpg,197,256,modak,58,127,133,174
images209.jpg,197,256,modak,97,57,157,111
images209.jpg,197,256,modak,143,32,192,93
images209.jpg,197,256,modak,75,28,138,74
images21.jpg,274,184,modak,58,18,211,184
images21.jpg,274,184,modak,155,3,274,149
images21.jpg,274,184,modak,25,2,128,141
images211.jpg,290,174,modak,48,63,117,126
images211.jpg,290,174,modak,113,93,177,157
images211.jpg,290,174,modak,183,79,253,136
images211.jpg,290,174,modak,187,19,253,77
images211.jpg,290,174,modak,103,39,196,102
images211.jpg,290,174,modak,63,24,117,70
images212.jpg,300,168,modak,82,24,167,129
images212.jpg,300,168,modak,160,35,262,141
images214.jpg,259,194,modak,93,82,152,138
images214.jpg,259,194,modak,139,59,204,121
images214.jpg,259,194,modak,104,35,158,90
images214.jpg,259,194,modak,64,51,116,117
images215.jpg,275,183,modak,108,52,185,117
images215.jpg,275,183,modak,51,38,114,92
images216.jpg,259,194,modak,87,71,151,111
images216.jpg,259,194,modak,75,95,136,149
images216.jpg,259,194,modak,44,132,111,186
images216.jpg,259,194,modak,174,120,231,186
images216.jpg,259,194,modak,115,135,173,186
images216.jpg,259,194,modak,131,94,186,142
images216.jpg,259,194,modak,182,81,239,128
images216.jpg,259,194,modak,29,74,89,134
images216.jpg,259,194,modak,57,50,106,94
images217.jpg,194,259,modak,47,93,176,218
images217.jpg,194,259,modak,5,51,85,171
images217.jpg,194,259,modak,75,33,194,127
images219.jpg,183,275,modak,39,109,83,143
images219.jpg,183,275,modak,36,128,91,169
images219.jpg,183,275,modak,58,151,94,192
images219.jpg,183,275,modak,91,152,140,194
images219.jpg,183,275,modak,83,132,123,162
images219.jpg,183,275,modak,78,103,134,149
images219.jpg,183,275,modak,143,146,174,193
images22.jpg,262,192,modak,12,52,91,113
images22.jpg,262,192,modak,114,83,218,168
images22.jpg,262,192,modak,166,55,256,122
images22.jpg,262,192,modak,132,19,206,79
images22.jpg,262,192,modak,85,59,168,117
images22.jpg,262,192,modak,60,18,135,72
images22.jpg,262,192,modak,32,102,121,168
images220.jpg,300,168,modak,52,51,130,116
images220.jpg,300,168,modak,99,1,174,72
images220.jpg,300,168,modak,153,30,247,99
images222.jpg,275,183,modak,82,73,153,172
images222.jpg,275,183,modak,155,47,243,140
images222.jpg,275,183,modak,42,50,118,118
images225.jpg,308,164,modak,24,10,148,164
images225.jpg,308,164,modak,145,7,275,164
images226.jpg,183,275,modak,26,140,59,175
images226.jpg,183,275,modak,63,131,96,157
images226.jpg,183,275,modak,98,137,129,179
images226.jpg,183,275,modak,63,159,96,195
images226.jpg,183,275,modak,82,186,122,225
images226.jpg,183,275,modak,36,179,84,221
images226.jpg,183,275,modak,21,162,50,198
images227.jpg,300,168,modak,81,80,163,159
images227.jpg,300,168,modak,145,23,232,89
images227.jpg,300,168,modak,230,52,300,129
images227.jpg,300,168,modak,156,84,241,155
images229.jpg,300,168,modak,64,46,114,79
images229.jpg,300,168,modak,105,49,152,74
images229.jpg,300,168,modak,138,52,182,83
images229.jpg,300,168,modak,176,62,215,94
images229.jpg,300,168,modak,208,80,250,125
images229.jpg,300,168,modak,180,111,224,151
images229.jpg,300,168,modak,126,118,170,160
images229.jpg,300,168,modak,86,100,129,141
images229.jpg,300,168,modak,66,74,103,103
images229.jpg,300,168,modak,110,68,150,106
images229.jpg,300,168,modak,171,14,204,38
images229.jpg,300,168,modak,138,2,186,34
images229.jpg,300,168,modak,114,11,145,38
images229.jpg,300,168,modak,90,26,126,52
images23.jpg,291,173,modak,85,80,173,162
images23.jpg,291,173,modak,146,72,230,153
images23.jpg,291,173,modak,169,39,246,106
images23.jpg,291,173,modak,99,17,176,93
images23.jpg,291,173,modak,27,92,104,161
images23.jpg,291,173,modak,29,21,110,92
images230.jpg,259,194,modak,48,71,117,176
images230.jpg,259,194,modak,87,39,156,127
images230.jpg,259,194,modak,122,24,179,100
images230.jpg,259,194,modak,144,4,189,79
images231.jpg,183,275,modak,23,80,82,133
images231.jpg,183,275,modak,64,90,122,147
images231.jpg,183,275,modak,123,122,164,170
images231.jpg,183,275,modak,84,147,131,195
images231.jpg,183,275,modak,27,121,77,178
images232.jpg,284,177,modak,49,55,128,135
images232.jpg,284,177,modak,99,84,196,170
images232.jpg,284,177,modak,183,74,273,139
images232.jpg,284,177,modak,118,28,203,99
images232.jpg,284,177,modak,191,8,282,71
images232.jpg,284,177,modak,66,6,147,64
images233.jpg,183,275,modak,56,90,115,168
images233.jpg,183,275,modak,109,81,173,155
images234.jpg,299,169,modak,121,64,172,109
images234.jpg,299,169,modak,154,104,222,159
images234.jpg,299,169,modak,187,56,244,116
images234.jpg,299,169,modak,166,7,232,63
images234.jpg,299,169,modak,121,2,173,39
images234.jpg,299,169,modak,76,6,128,60
images234.jpg,299,169,modak,46,52,105,106
images234.jpg,299,169,modak,61,98,116,153
images234.jpg,299,169,modak,113,115,176,168
images236.jpg,183,275,modak,29,140,76,187
images236.jpg,183,275,modak,60,168,110,213
images236.jpg,183,275,modak,109,173,144,225
images236.jpg,183,275,modak,130,156,168,210
images236.jpg,183,275,modak,15,161,70,224
images237.jpg,259,194,modak,11,20,75,94
images237.jpg,259,194,modak,51,7,113,66
images237.jpg,259,194,modak,111,2,162,57
images237.jpg,259,194,modak,158,11,216,65
images237.jpg,259,194,modak,198,24,258,94
images239.jpg,275,183,modak,60,54,102,80
images239.jpg,275,183,modak,105,44,150,79
images239.jpg,275,183,modak,120,72,175,111
images239.jpg,275,183,modak,84,67,124,99
images239.jpg,275,183,modak,35,69,78,105
images241.jpg,259,194,modak,2,75,65,131
images241.jpg,259,194,modak,32,117,118,191
images241.jpg,259,194,modak,118,127,201,194
images241.jpg,259,194,modak,185,89,259,159
images241.jpg,259,194,modak,202,50,258,98
images241.jpg,259,194,modak,23,35,78,81
images242.jpg,259,194,modak,92,66,162,140
images242.jpg,259,194,modak,168,61,241,157
images242.jpg,259,194,modak,189,25,253,92
images242.jpg,259,194,modak,68,17,147,80
images244.jpg,262,192,modak,23,85,63,123
images244.jpg,262,192,modak,70,83,123,123
images244.jpg,262,192,modak,115,77,174,112
images244.jpg,262,192,modak,122,52,165,79
images244.jpg,262,192,modak,82,60,126,86
images244.jpg,262,192,modak,40,56,85,82
images244.jpg,262,192,modak,48,36,84,62
images244.jpg,262,192,modak,86,38,120,57
images244.jpg,262,192,modak,121,36,155,54
images244.jpg,262,192,modak,117,21,150,37
images244.jpg,262,192,modak,114,3,148,22
images244.jpg,262,192,modak,151,3,176,22
images244.jpg,262,192,modak,170,81,216,118
images244.jpg,262,192,modak,178,114,235,167
images244.jpg,262,192,modak,118,115,175,156
images244.jpg,262,192,modak,62,128,117,173
images244.jpg,262,192,modak,2,127,65,170
images244.jpg,262,192,modak,226,112,262,151
images244.jpg,262,192,modak,212,75,259,113
images244.jpg,262,192,modak,201,55,242,83
images244.jpg,262,192,modak,223,37,259,63
images244.jpg,262,192,modak,183,34,220,56
images244.jpg,262,192,modak,157,31,188,57
images244.jpg,262,192,modak,170,56,202,84
images244.jpg,262,192,modak,1,55,32,88
images244.jpg,262,192,modak,8,30,41,64
images247.jpg,284,177,modak,74,68,141,123
images247.jpg,284,177,modak,140,51,208,118
images247.jpg,284,177,modak,89,103,172,176
images247.jpg,284,177,modak,168,96,259,177
images247.jpg,284,177,modak,202,44,281,111
images247.jpg,284,177,modak,7,87,84,158
images25.jpg,300,168,modak,154,34,209,83
images25.jpg,300,168,modak,154,83,217,127
images25.jpg,300,168,modak,98,85,160,140
images25.jpg,300,168,modak,64,66,120,109
images25.jpg,300,168,modak,80,18,137,68
images25.jpg,300,168,modak,123,1,179,46
images25.jpg,300,168,modak,112,45,169,98
images25.jpg,300,168,modak,195,53,245,108
images250.jpg,257,196,modak,17,50,92,119
images250.jpg,257,196,modak,91,56,168,133
images250.jpg,257,196,modak,83,8,147,71
images250.jpg,257,196,modak,148,18,227,78
images250.jpg,257,196,modak,169,74,249,139
images250.jpg,257,196,modak,132,126,209,195
images250.jpg,257,196,modak,26,107,121,182
images252.jpg,300,168,modak,111,84,185,166
images252.jpg,300,168,modak,179,92,252,168
images252.jpg,300,168,modak,190,33,271,115
images252.jpg,300,168,modak,141,18,206,97
images252.jpg,300,168,modak,68,4,142,60
images252.jpg,300,168,modak,2,21,67,90
images254.jpg,206,245,modak,21,89,82,151
images254.jpg,206,245,modak,75,87,142,148
images254.jpg,206,245,modak,130,122,193,190
images254.jpg,206,245,modak,105,46,184,107
images254.jpg,206,245,modak,54,34,119,93
images254.jpg,206,245,modak,64,143,127,206
images26.jpg,197,256,modak,66,118,107,164
images26.jpg,197,256,modak,81,146,141,192
images26.jpg,197,256,modak,33,159,88,207
images26.jpg,197,256,modak,18,123,66,172
images26.jpg,197,256,modak,80,72,132,123
images265.jpg,224,224,modak,13,60,95,125
images265.jpg,224,224,modak,52,96,142,175
images265.jpg,224,224,modak,133,84,222,168
images265.jpg,224,224,modak,122,46,210,105
images265.jpg,224,224,modak,62,27,151,100
images267.jpg,275,183,modak,66,79,121,111
images267.jpg,275,183,modak,67,96,121,142
images267.jpg,275,183,modak,118,106,172,148
images267.jpg,275,183,modak,146,68,195,118
images267.jpg,275,183,modak,108,56,162,91
images267.jpg,275,183,modak,108,85,168,120
images27.jpg,310,163,modak,112,43,182,112
images27.jpg,310,163,modak,118,103,184,163
images27.jpg,310,163,modak,183,92,253,156
images27.jpg,310,163,modak,207,44,268,104
images27.jpg,310,163,modak,179,5,243,67
images27.jpg,310,163,modak,126,1,182,63
images27.jpg,310,163,modak,66,8,120,69
images27.jpg,310,163,modak,26,42,102,108
images27.jpg,310,163,modak,58,83,121,146
images270.jpg,300,168,modak,61,55,123,104
images270.jpg,300,168,modak,83,98,147,147
images270.jpg,300,168,modak,149,100,214,147
images270.jpg,300,168,modak,198,89,268,130
images270.jpg,300,168,modak,159,50,209,78
images270.jpg,300,168,modak,128,39,175,68
images270.jpg,300,168,modak,46,94,91,135
images270.jpg,300,168,modak,21,85,68,116
images271.jpg,194,259,modak,64,114,121,163
images271.jpg,194,259,modak,31,160,109,225
images271.jpg,194,259,modak,121,152,186,215
images271.jpg,194,259,modak,82,209,160,259
images277.jpg,373,135,modak,89,34,165,109
images277.jpg,373,135,modak,151,61,232,135
images277.jpg,373,135,modak,215,24,292,106
images277.jpg,373,135,modak,142,6,237,70
images277.jpg,373,135,modak,21,7,132,70
images277.jpg,373,135,modak,260,7,358,64
images277.jpg,373,135,modak,3,60,99,133
images279.jpg,183,275,modak,41,138,78,166
images279.jpg,183,275,modak,73,144,121,187
images279.jpg,183,275,modak,117,129,159,169
images279.jpg,183,275,modak,119,168,166,205
images279.jpg,183,275,modak,74,120,124,160
images279.jpg,183,275,modak,69,180,122,224
images279.jpg,183,275,modak,32,161,73,198
images28.jpg,272,186,modak,79,39,149,100
images28.jpg,272,186,modak,70,100,146,167
images28.jpg,272,186,modak,131,72,194,143
images28.jpg,272,186,modak,186,74,244,135
images28.jpg,272,186,modak,148,22,220,92
images28.jpg,272,186,modak,45,2,109,65
images28.jpg,272,186,modak,16,88,64,148
images28.jpg,272,186,modak,30,126,94,186
images28.jpg,272,186,modak,113,139,177,186
images28.jpg,272,186,modak,160,112,237,186
images281.jpg,259,194,modak,26,105,86,152
images281.jpg,259,194,modak,81,104,116,137
images281.jpg,259,194,modak,116,111,162,167
images281.jpg,259,194,modak,150,140,207,191
images281.jpg,259,194,modak,156,102,203,146
images281.jpg,259,194,modak,195,98,249,134
images281.jpg,259,194,modak,202,55,244,93
images281.jpg,259,194,modak,160,45,206,79
images281.jpg,259,194,modak,124,79,172,118
images281.jpg,259,194,modak,166,73,207,110
images281.jpg,259,194,modak,88,63,135,102
images281.jpg,259,194,modak,113,43,152,79
images281.jpg,259,194,modak,23,45,76,82
images281.jpg,259,194,modak,57,28,106,71
images281.jpg,259,194,modak,101,23,131,52
images281.jpg,259,194,modak,128,17,173,52
images281.jpg,259,194,modak,77,139,122,189
images282.jpg,183,275,modak,39,135,92,193
images282.jpg,183,275,modak,58,149,132,229
images282.jpg,183,275,modak,129,168,183,242
images282.jpg,183,275,modak,111,123,173,182
images283.jpg,300,168,modak,102,65,191,133
images283.jpg,300,168,modak,137,107,232,168
images283.jpg,300,168,modak,210,84,300,163
images283.jpg,300,168,modak,198,30,286,102
images283.jpg,300,168,modak,125,6,217,79
images283.jpg,300,168,modak,50,10,126,68
images283.jpg,300,168,modak,16,45,121,102
images283.jpg,300,168,modak,30,86,135,168
images287.jpg,259,194,modak,81,31,246,168
images287.jpg,259,194,modak,1,26,89,194
images288.jpg,310,163,modak,78,8,156,114
images288.jpg,310,163,modak,99,73,222,161
images288.jpg,310,163,modak,175,14,287,128
images289.jpg,265,190,modak,61,41,142,118
images289.jpg,265,190,modak,132,59,237,158
images289.jpg,265,190,modak,62,114,166,177
images289.jpg,265,190,modak,137,14,226,79
images289.jpg,265,190,modak,1,73,79,168
images289.jpg,265,190,modak,1,18,77,79
images290.jpg,194,259,modak,56,97,119,150
images290.jpg,194,259,modak,101,118,166,192
images290.jpg,194,259,modak,46,161,124,220
images290.jpg,194,259,modak,2,129,71,187
images290.jpg,194,259,modak,11,92,60,133
images290.jpg,194,259,modak,27,35,72,80
images290.jpg,194,259,modak,53,60,104,101
images290.jpg,194,259,modak,98,71,156,129
images290.jpg,194,259,modak,138,88,194,149
images290.jpg,194,259,modak,12,213,70,259
images294.jpg,300,168,modak,89,27,186,141
images294.jpg,300,168,modak,151,6,237,93
images294.jpg,300,168,modak,225,16,300,111
images295.jpg,300,168,modak,142,68,217,132
images295.jpg,300,168,modak,225,51,300,121
images295.jpg,300,168,modak,196,10,260,80
images295.jpg,300,168,modak,115,1,189,70
images295.jpg,300,168,modak,51,3,128,54
images295.jpg,300,168,modak,45,37,119,109
images295.jpg,300,168,modak,52,94,138,165
images30.jpg,183,275,modak,65,110,141,165
images30.jpg,183,275,modak,74,176,129,233
images30.jpg,183,275,modak,20,133,77,187
images30.jpg,183,275,modak,17,61,78,121
images31.jpg,284,177,modak,54,51,133,129
images31.jpg,284,177,modak,135,47,211,132
images31.jpg,284,177,modak,3,42,69,119
images32.jpg,249,202,modak,22,59,116,162
images32.jpg,249,202,modak,106,76,199,184
images32.jpg,249,202,modak,171,44,249,141
images32.jpg,249,202,modak,93,37,180,106
images32.jpg,249,202,modak,156,13,244,75
images32.jpg,249,202,modak,80,2,161,61
images32.jpg,249,202,modak,11,30,115,95
images33.jpg,275,183,modak,77,3,144,44
images33.jpg,275,183,modak,128,26,207,85
images33.jpg,275,183,modak,187,47,262,100
images33.jpg,275,183,modak,143,85,224,144
images33.jpg,275,183,modak,90,67,171,116
images33.jpg,275,183,modak,114,134,175,181
images33.jpg,275,183,modak,47,98,133,154
images33.jpg,275,183,modak,30,38,120,97
images33.jpg,275,183,modak,1,78,62,131
images34.jpg,270,187,modak,101,65,140,103
images34.jpg,270,187,modak,139,69,179,110
images34.jpg,270,187,modak,134,111,175,144
images34.jpg,270,187,modak,99,118,146,157
images34.jpg,270,187,modak,84,90,120,126
images35.jpg,300,168,modak,60,42,148,126
images35.jpg,300,168,modak,136,84,230,167
images35.jpg,300,168,modak,221,64,300,142
images35.jpg,300,168,modak,146,20,217,98
images35.jpg,300,168,modak,81,11,156,65
images35.jpg,300,168,modak,1,9,84,86
images36.jpg,259,194,modak,57,53,103,98
images36.jpg,259,194,modak,74,87,139,143
images36.jpg,259,194,modak,141,92,198,139
images36.jpg,259,194,modak,167,46,220,99
images36.jpg,259,194,modak,108,56,167,108
images36.jpg,259,194,modak,103,24,158,69
images38.jpg,209,241,modak,21,31,148,130
images38.jpg,209,241,modak,168,8,209,129
images38.jpg,209,241,modak,83,1,188,83
images38.jpg,209,241,modak,1,1,83,79
images4.jpg,225,225,modak,75,85,146,149
images4.jpg,225,225,modak,51,156,133,224
images4.jpg,225,225,modak,141,122,220,189
images4.jpg,225,225,modak,132,41,215,115
images4.jpg,225,225,modak,82,2,161,65
images4.jpg,225,225,modak,18,28,99,94
images4.jpg,225,225,modak,1,98,75,163
images42.jpg,297,169,modak,106,3,194,89
images42.jpg,297,169,modak,145,78,269,169
images42.jpg,297,169,modak,224,35,294,103
images42.jpg,297,169,modak,174,28,240,93
images42.jpg,297,169,modak,27,63,150,169
images43.jpg,300,168,modak,91,26,175,102
images43.jpg,300,168,modak,139,60,216,151
images43.jpg,300,168,modak,46,98,146,168
images43.jpg,300,168,modak,11,12,93,87
images43.jpg,300,168,modak,71,3,143,50
images43.jpg,300,168,modak,136,1,202,51
images43.jpg,300,168,modak,170,8,240,91
images43.jpg,300,168,modak,235,37,300,125
images44.jpg,290,174,modak,121,24,185,73
images44.jpg,290,174,modak,173,28,246,101
images44.jpg,290,174,modak,124,98,217,174
images44.jpg,290,174,modak,53,51,120,136
images44.jpg,290,174,modak,97,3,165,61
images46.jpg,186,270,modak,85,85,167,141
images46.jpg,186,270,modak,94,126,169,184
images47.jpg,229,220,modak,59,88,105,158
images47.jpg,229,220,modak,102,97,160,158
images47.jpg,229,220,modak,144,83,192,143
images48.jpg,265,190,modak,28,52,137,159
images48.jpg,265,190,modak,143,58,251,170
images48.jpg,265,190,modak,148,12,254,93
images5.jpg,225,225,modak,91,43,195,165
images5.jpg,225,225,modak,29,6,117,109
images5.jpg,225,225,modak,101,2,199,72
images52.jpg,299,168,modak,134,82,213,142
images52.jpg,299,168,modak,207,93,286,160
images52.jpg,299,168,modak,178,50,253,106
images52.jpg,299,168,modak,215,11,267,62
images52.jpg,299,168,modak,158,7,224,57
images52.jpg,299,168,modak,127,39,189,89
images52.jpg,299,168,modak,76,80,145,134
images52.jpg,299,168,modak,81,33,135,81
images52.jpg,299,168,modak,98,3,157,50
images52.jpg,299,168,modak,51,3,117,50
images54.jpg,293,172,modak,72,33,164,159
images54.jpg,293,172,modak,139,6,230,123
images54.jpg,293,172,modak,211,3,272,96
images54.jpg,293,172,modak,1,53,60,172
images55.jpg,294,171,modak,48,25,83,57
images55.jpg,294,171,modak,73,18,112,54
images55.jpg,294,171,modak,106,21,134,48
images55.jpg,294,171,modak,126,21,167,52
images55.jpg,294,171,modak,160,17,191,48
images55.jpg,294,171,modak,183,14,221,46
images55.jpg,294,171,modak,187,42,226,74
images55.jpg,294,171,modak,196,71,235,104
images55.jpg,294,171,modak,164,74,202,106
images55.jpg,294,171,modak,159,46,195,79
images55.jpg,294,171,modak,128,48,168,77
images55.jpg,294,171,modak,103,51,137,82
images55.jpg,294,171,modak,97,110,154,148
images55.jpg,294,171,modak,136,107,171,138
images55.jpg,294,171,modak,167,103,202,135
images55.jpg,294,171,modak,199,104,235,140
images55.jpg,294,171,modak,204,137,242,171
images55.jpg,294,171,modak,171,140,214,171
images55.jpg,294,171,modak,142,138,170,171
images55.jpg,294,171,modak,76,55,104,79
images55.jpg,294,171,modak,49,53,78,86
images55.jpg,294,171,modak,75,79,106,109
images55.jpg,294,171,modak,106,79,133,104
images55.jpg,294,171,modak,138,74,169,110
images55.jpg,294,171,modak,49,83,87,112
images55.jpg,294,171,modak,40,110,68,146
images55.jpg,294,171,modak,65,108,110,150
images55.jpg,294,171,modak,68,143,100,171
images55.jpg,294,171,modak,99,139,141,171
images55.jpg,294,171,modak,36,144,76,171
images58.jpg,183,275,modak,73,75,120,115
images58.jpg,183,275,modak,107,91,165,138
images58.jpg,183,275,modak,118,142,166,194
images58.jpg,183,275,modak,61,172,116,220
images58.jpg,183,275,modak,68,119,118,171
images58.jpg,183,275,modak,28,90,71,137
images58.jpg,183,275,modak,14,136,62,185
images6.jpg,183,275,modak,26,143,80,201
images6.jpg,183,275,modak,75,172,118,224
images6.jpg,183,275,modak,95,135,139,186
images6.jpg,183,275,modak,147,138,183,192
images6.jpg,183,275,modak,124,183,171,241
images60.jpg,300,168,modak,34,41,135,136
images60.jpg,300,168,modak,133,19,227,90
images60.jpg,300,168,modak,220,52,300,121
images60.jpg,300,168,modak,207,109,300,161
images60.jpg,300,168,modak,1,80,106,168
images62.jpg,275,183,modak,72,53,122,96
images62.jpg,275,183,modak,108,47,142,84
images62.jpg,275,183,modak,123,17,156,53
images62.jpg,275,183,modak,160,25,193,62
images62.jpg,275,183,modak,153,55,187,98
images62.jpg,275,183,modak,184,71,217,110
images62.jpg,275,183,modak,131,96,169,135
images62.jpg,275,183,modak,163,106,215,149
images62.jpg,275,183,modak,124,133,182,183
images62.jpg,275,183,modak,79,132,132,181
images62.jpg,275,183,modak,86,89,126,129
images62.jpg,275,183,modak,45,119,85,157
images62.jpg,275,183,modak,42,77,76,117
images62.jpg,275,183,modak,33,40,75,90
images64.jpg,300,168,modak,156,23,195,58
images64.jpg,300,168,modak,152,67,198,101
images64.jpg,300,168,modak,191,75,226,114
images64.jpg,300,168,modak,162,93,203,128
images64.jpg,300,168,modak,197,108,233,152
images64.jpg,300,168,modak,135,121,174,163
images64.jpg,300,168,modak,164,128,221,168
images64.jpg,300,168,modak,124,84,167,123
images66.jpg,183,275,modak,66,110,123,165
images66.jpg,183,275,modak,117,134,176,192
images66.jpg,183,275,modak,109,73,175,138
images66.jpg,183,275,modak,53,43,122,107
images66.jpg,183,275,modak,9,82,68,144
images66.jpg,183,275,modak,9,137,76,196
images66.jpg,183,275,modak,59,164,130,223
images67.jpg,225,225,modak,75,84,125,135
images67.jpg,225,225,modak,125,59,179,111
images67.jpg,225,225,modak,164,98,225,154
images67.jpg,225,225,modak,119,109,176,157
images67.jpg,225,225,modak,147,147,203,188
images67.jpg,225,225,modak,82,140,137,184
images68.jpg,265,190,modak,84,26,143,77
images68.jpg,265,190,modak,121,59,170,100
images68.jpg,265,190,modak,146,79,194,123
images68.jpg,265,190,modak,98,84,152,129
images70.jpg,300,168,modak,79,88,143,150
images70.jpg,300,168,modak,146,79,193,140
images70.jpg,300,168,modak,189,57,233,111
images70.jpg,300,168,modak,181,29,237,71
images70.jpg,300,168,modak,163,5,212,47
images70.jpg,300,168,modak,121,1,171,31
images70.jpg,300,168,modak,115,22,164,62
images70.jpg,300,168,modak,128,59,171,103
images70.jpg,300,168,modak,34,70,87,120
images70.jpg,300,168,modak,76,37,119,91
images70.jpg,300,168,modak,30,8,84,49
images70.jpg,300,168,modak,10,31,62,82
images72.jpg,225,225,modak,29,81,60,116
images72.jpg,225,225,modak,62,58,98,101
images72.jpg,225,225,modak,99,62,132,104
images72.jpg,225,225,modak,74,92,115,127
images72.jpg,225,225,modak,110,112,144,144
images72.jpg,225,225,modak,163,114,202,152
images72.jpg,225,225,modak,148,137,195,170
images72.jpg,225,225,modak,119,132,158,173
images72.jpg,225,225,modak,95,135,131,165
images72.jpg,225,225,modak,58,129,109,170
images72.jpg,225,225,modak,36,135,77,173
images72.jpg,225,225,modak,30,107,62,144
images72.jpg,225,225,modak,130,72,163,102
images73.jpg,259,194,modak,3,14,96,111
images74.jpg,183,275,modak,67,1,138,81
images75.jpg,194,259,modak,63,38,139,113
images75.jpg,194,259,modak,126,85,192,148
images75.jpg,194,259,modak,113,143,174,212
images75.jpg,194,259,modak,56,173,124,236
images75.jpg,194,259,modak,5,128,62,195
images75.jpg,194,259,modak,59,113,125,171
images75.jpg,194,259,modak,8,67,76,128
images76.jpg,300,168,modak,81,28,138,71
images76.jpg,300,168,modak,127,50,186,101
images76.jpg,300,168,modak,175,31,226,71
images76.jpg,300,168,modak,182,53,245,104
images76.jpg,300,168,modak,159,91,223,157
images76.jpg,300,168,modak,85,84,165,152
images76.jpg,300,168,modak,60,64,116,108
images76.jpg,300,168,modak,134,20,183,60
images77.jpg,343,147,modak,152,2,299,143
images78.jpg,286,176,modak,36,18,122,100
images78.jpg,286,176,modak,63,73,158,168
images78.jpg,286,176,modak,151,49,236,136
images8.jpg,275,183,modak,101,75,142,122
images8.jpg,275,183,modak,140,68,189,123
images8.jpg,275,183,modak,165,51,212,103
images8.jpg,275,183,modak,139,38,180,68
images8.jpg,275,183,modak,116,57,160,88
images8.jpg,275,183,modak,96,37,131,69
images8.jpg,275,183,modak,70,55,119,101
images80.jpg,259,194,modak,50,65,139,164
images80.jpg,259,194,modak,129,37,219,133
images80.jpg,259,194,modak,29,26,132,104
images81.jpg,259,194,modak,38,47,81,102
images81.jpg,259,194,modak,87,70,136,120
images81.jpg,259,194,modak,88,39,123,82
images81.jpg,259,194,modak,141,52,182,95
images81.jpg,259,194,modak,157,83,210,120
images81.jpg,259,194,modak,120,113,167,163
images81.jpg,259,194,modak,54,105,111,163
images81.jpg,259,194,modak,21,82,67,131
images82.jpg,300,168,modak,11,28,123,123
images82.jpg,300,168,modak,155,10,270,98
images82.jpg,300,168,modak,72,1,170,62
images83.jpg,300,168,modak,43,45,168,161
images83.jpg,300,168,modak,222,56,297,144
images83.jpg,300,168,modak,144,59,223,137
images86.jpg,259,194,modak,92,86,182,173
images86.jpg,259,194,modak,179,82,259,155
images86.jpg,259,194,modak,101,42,188,105
images86.jpg,259,194,modak,78,9,155,68
images86.jpg,259,194,modak,11,33,96,84
images86.jpg,259,194,modak,8,68,112,151
images86.jpg,259,194,modak,157,6,224,73
images86.jpg,259,194,modak,193,33,259,102
images88.jpg,291,173,modak,78,45,163,113
images88.jpg,291,173,modak,160,36,241,106
images88.jpg,291,173,modak,106,2,178,53
images88.jpg,291,173,modak,40,12,111,67
images88.jpg,291,173,modak,1,59,85,136
images88.jpg,291,173,modak,52,123,140,173
images89.jpg,265,190,modak,38,76,88,121
images89.jpg,265,190,modak,74,89,130,143
images89.jpg,265,190,modak,132,80,190,125
images89.jpg,265,190,modak,71,52,124,85
images89.jpg,265,190,modak,115,46,168,88
images9.jpg,310,163,modak,8,74,83,158
images9.jpg,310,163,modak,81,71,155,153
images9.jpg,310,163,modak,142,70,220,148
images9.jpg,310,163,modak,211,56,308,152
images9.jpg,310,163,modak,203,34,270,98
images9.jpg,310,163,modak,169,2,234,67
images9.jpg,310,163,modak,114,29,203,102
images9.jpg,310,163,modak,90,11,156,78
images9.jpg,310,163,modak,35,34,123,110
images9.jpg,310,163,modak,128,1,198,48
images90.jpg,275,183,modak,74,64,159,179
images90.jpg,275,183,modak,163,40,254,152
images90.jpg,275,183,modak,108,18,177,102
images90.jpg,275,183,modak,36,5,116,85
images92.jpg,267,189,modak,75,97,138,163
images92.jpg,267,189,modak,107,41,159,104
images92.jpg,267,189,modak,50,11,104,55
images92.jpg,267,189,modak,41,43,104,110
images92.jpg,267,189,modak,1,84,45,155
images92.jpg,267,189,modak,1,21,36,88
images93.jpg,259,194,modak,51,59,120,140
images93.jpg,259,194,modak,89,120,162,183
images93.jpg,259,194,modak,141,100,219,182
images93.jpg,259,194,modak,127,42,209,106
images93.jpg,259,194,modak,87,2,156,77
images94.jpg,225,225,modak,54,51,171,194
images94.jpg,225,225,modak,135,32,205,159
images94.jpg,225,225,modak,17,34,85,155
images95.jpg,275,183,modak,89,12,212,174
images95.jpg,275,183,modak,4,2,111,97
images95.jpg,275,183,modak,207,6,275,160
images97.jpg,208,243,modak,1,54,167,243
images98.jpg,267,189,modak,4,28,99,126
images98.jpg,267,189,modak,96,62,181,156
images98.jpg,267,189,modak,170,42,266,146
images98.jpg,267,189,modak,91,1,180,79
img-20180911-5b979865d50ff.jpg,1000,562,modak,275,66,579,444
img-20180911-5b979865d50ff.jpg,1000,562,modak,539,141,904,465
img_0167.jpg,2048,2048,modak,109,1433,538,1888
img_0167.jpg,2048,2048,modak,1609,1482,2036,1873
img_0167.jpg,2048,2048,modak,1527,1197,1891,1611
img_0167.jpg,2048,2048,modak,1391,1095,1700,1393
img_0167.jpg,2048,2048,modak,158,1046,560,1331
img_0167.jpg,2048,2048,modak,17,1222,591,1595
img_0167.jpg,2048,2048,modak,778,1037,1164,1357
img_4361d102006fa4affa93cc092c3dfc0e_1565348494031_processed_original.jpg,1000,587,modak,11,59,550,551
img_7aa5b12034ee6fb9592f115d6df31771_1532858616053_processed_original.jpg,2418,2361,modak,431,442,969,885
img_7aa5b12034ee6fb9592f115d6df31771_1532858616053_processed_original.jpg,2418,2361,modak,959,272,1597,821
img_7aa5b12034ee6fb9592f115d6df31771_1532858616053_processed_original.jpg,2418,2361,modak,1464,818,2080,1459
img_7aa5b12034ee6fb9592f115d6df31771_1532858616053_processed_original.jpg,2418,2361,modak,1067,1393,1674,1988
img_7aa5b12034ee6fb9592f115d6df31771_1532858616053_processed_original.jpg,2418,2361,modak,510,1321,1126,1949
img_7aa5b12034ee6fb9592f115d6df31771_1532858616053_processed_original.jpg,2418,2361,modak,137,906,780,1424
img_7aa5b12034ee6fb9592f115d6df31771_1532858616053_processed_original.jpg,2418,2361,modak,782,849,1408,1467
img_9902-e1534393270312.jpg,1024,682,modak,22,159,177,361
img_9902-e1534393270312.jpg,1024,682,modak,164,141,266,279
img_9902-e1534393270312.jpg,1024,682,modak,246,177,377,340
img_9902-e1534393270312.jpg,1024,682,modak,363,212,523,397
img_9902-e1534393270312.jpg,1024,682,modak,487,190,613,344
img_9928-e1534393295777.jpg,1024,682,modak,315,283,502,504
img_9928-e1534393295777.jpg,1024,682,modak,505,326,704,506
img_9928-e1534393295777.jpg,1024,682,modak,460,483,686,642
img_9928-e1534393295777.jpg,1024,682,modak,685,402,878,644
img_9928-e1534393295777.jpg,1024,682,modak,797,237,966,424
img_9928-e1534393295777.jpg,1024,682,modak,699,68,899,250
img_9928-e1534393295777.jpg,1024,682,modak,504,4,712,164
img_c595f545ddd01803e59787bc32815407_1564729931337_processed_original.jpg,1000,585,modak,27,285,345,585
img_c595f545ddd01803e59787bc32815407_1564729931337_processed_original.jpg,1000,585,modak,353,270,644,585
img_c595f545ddd01803e59787bc32815407_1564729931337_processed_original.jpg,1000,585,modak,663,273,987,585
img_c595f545ddd01803e59787bc32815407_1564729931337_processed_original.jpg,1000,585,modak,674,12,1000,265
img_c595f545ddd01803e59787bc32815407_1564729931337_processed_original.jpg,1000,585,modak,337,4,685,299
img_c595f545ddd01803e59787bc32815407_1564729931337_processed_original.jpg,1000,585,modak,10,8,351,249
img_e5c69aaf7c070e562428668fccff95dc_1565355380434_processed_original.jpg,1000,588,modak,255,105,538,521
img_e5c69aaf7c070e562428668fccff95dc_1565355380434_processed_original.jpg,1000,588,modak,515,53,759,378
img_e5c69aaf7c070e562428668fccff95dc_1565355380434_processed_original.jpg,1000,588,modak,709,16,907,299
indian-food-steamed-modak-maharashtra-india-asia-DH4AHC.jpg,1300,954,modak,73,390,617,806
indian-food-steamed-modak-maharashtra-india-asia-DH4AHC.jpg,1300,954,modak,679,394,1175,809
indian-food-steamed-modak-maharashtra-india-asia-DH4AHC.jpg,1300,954,modak,400,112,879,466
indian-food-steamed-modak-maharashtra-india-asia-DH4AHC.jpg,1300,954,modak,821,48,1300,429
indian-food-steamed-modak-maharashtra-india-asia-DH4AHC.jpg,1300,954,modak,7,133,453,522
instant_tasty_mawa_modak_recipe_1567497773.jpg,640,360,modak,329,217,463,338
instant_tasty_mawa_modak_recipe_1567497773.jpg,640,360,modak,462,252,588,346
instant_tasty_mawa_modak_recipe_1567497773.jpg,640,360,modak,419,181,554,288
instant_tasty_mawa_modak_recipe_1567497773.jpg,640,360,modak,531,193,640,297
kara-modak-motichur-ladoo-recipes-to-make-your-ganesh-chaturthi-celebrations-sweeter.jpg,0,0,modak,228,360,486,637
kara-modak-motichur-ladoo-recipes-to-make-your-ganesh-chaturthi-celebrations-sweeter.jpg,0,0,modak,403,389,712,688
kara-modak-motichur-ladoo-recipes-to-make-your-ganesh-chaturthi-celebrations-sweeter.jpg,0,0,modak,666,375,910,626
kesar-malai-modak-500x500.jpg,500,500,modak,126,228,310,411
kesar-malai-modak-500x500.jpg,500,500,modak,306,142,493,342
kesar-malai-modak-500x500.jpg,500,500,modak,210,24,387,216
kesar-malai-modak-500x500.jpg,500,500,modak,21,101,208,268
kesar-modak-380x214.jpg,380,214,modak,46,64,194,213
kesar-modak-380x214.jpg,380,214,modak,193,56,315,214
kesar-modak-380x214.jpg,380,214,modak,276,30,380,169
kesar-modak-380x214.jpg,380,214,modak,129,25,236,138
kesar-modak-380x214.jpg,380,214,modak,5,27,98,166
kesari-modak.jpg,600,315,modak,25,154,171,298
kesari-modak.jpg,600,315,modak,159,151,303,303
kesari-modak.jpg,600,315,modak,295,140,431,283
kesari-modak.jpg,600,315,modak,439,122,564,279
kesari-modak.jpg,600,315,modak,243,81,380,208
kesari-modak.jpg,600,315,modak,78,65,232,209
khdcda18_modak_625x300_11_September_18.jpg,0,0,modak,145,21,261,125
khdcda18_modak_625x300_11_September_18.jpg,0,0,modak,103,109,219,210
khdcda18_modak_625x300_11_September_18.jpg,0,0,modak,235,126,361,223
khdcda18_modak_625x300_11_September_18.jpg,0,0,modak,399,127,497,226
khdcda18_modak_625x300_11_September_18.jpg,0,0,modak,335,212,472,330
khdcda18_modak_625x300_11_September_18.jpg,0,0,modak,224,249,342,333
khdcda18_modak_625x300_11_September_18.jpg,0,0,modak,116,196,250,314
khdcda18_modak_625x300_11_September_18.jpg,0,0,modak,338,8,461,116
khdcda18_modak_625x300_11_September_18.jpg,0,0,modak,238,3,367,86
khoya-modak-recipe.jpg,500,625,modak,156,324,341,501
khoya-modak-recipe.jpg,500,625,modak,333,315,486,485
khoya-modak-recipe.jpg,500,625,modak,234,248,401,363
lord-ganesh-modak-1567003992.jpg,715,402,modak,115,246,280,402
lord-ganesh-modak-1567003992.jpg,715,402,modak,341,221,495,388
lord-ganesh-modak-1567003992.jpg,715,402,modak,22,228,135,371
maharashtra-times.jpg,0,0,modak,133,126,296,234
maharashtra-times.jpg,0,0,modak,294,117,460,221
maharashtra-times.jpg,0,0,modak,267,48,431,137
maharashtra-times.jpg,0,0,modak,170,43,299,121
maharashtra-times.jpg,0,0,modak,71,78,210,181
malai-modak-ladoo-recipe-5-500x375.jpg,500,375,modak,102,164,205,241
malai-modak-ladoo-recipe-5-500x375.jpg,500,375,modak,211,179,304,286
malai-modak-ladoo-recipe-5-500x375.jpg,500,375,modak,314,228,423,317
malai-modak-ladoo-recipe-5-500x375.jpg,500,375,modak,311,139,392,225
malai-modak-ladoo-recipe-5-500x375.jpg,500,375,modak,202,96,301,192
malai-modak-ladoo-recipe-5-500x375.jpg,500,375,modak,242,284,335,375
malai-modak-ladoo-recipe-5-500x375.jpg,500,375,modak,119,245,220,348
malai-modak-ladoo.jpg,600,315,modak,217,139,391,315
malai-modak-ladoo.jpg,600,315,modak,327,35,543,247
malai-modak-ladoo.jpg,600,315,modak,161,24,318,206
Malai-Modak-Recipe.jpg,500,334,modak,113,130,297,321
Malai-Modak-Recipe.jpg,500,334,modak,308,75,455,264
Malai-Modak-Recipe.jpg,500,334,modak,177,28,317,171
Malai-Modak-Recipe.jpg,500,334,modak,73,20,197,150
mango-modak-recipe-1-1.jpg,606,607,modak,151,276,358,502
mango-modak-recipe-1-1.jpg,606,607,modak,424,209,599,437
mango-modak-recipe-1-1.jpg,606,607,modak,268,144,427,361
mango-modak-recipe-1-1.jpg,606,607,modak,381,48,596,249
mango-modak-recipe-1-1.jpg,606,607,modak,121,57,311,268
mango-modak-recipe-1-1.jpg,606,607,modak,10,179,181,397
mawa-modak-1.jpg,600,315,modak,132,211,219,311
mawa-modak-1.jpg,600,315,modak,218,212,318,307
mawa-modak-1.jpg,600,315,modak,308,203,413,308
mawa-modak-1.jpg,600,315,modak,406,204,497,291
mawa-modak-1.jpg,600,315,modak,226,165,319,235
mawa-modak-1.jpg,600,315,modak,308,157,392,228
mawa-modak-1.jpg,600,315,modak,394,158,472,232
mawa-modak-1.jpg,600,315,modak,149,46,221,133
mawa-modak-1.jpg,600,315,modak,211,53,298,131
mawa-modak-1.jpg,600,315,modak,295,64,361,131
mawa-modak-1.jpg,600,315,modak,379,53,443,134
mawa-modak-28iga00283-29-500x500.png,500,481,modak,125,197,233,340
mawa-modak-28iga00283-29-500x500.png,500,481,modak,224,204,354,339
mawa-modak-28iga00283-29-500x500.png,500,481,modak,322,197,429,321
mawa-modak-recipe-10-1-200x300.jpg,200,300,modak,59,104,120,182
mawa-modak-recipe-10-1-200x300.jpg,200,300,modak,122,90,181,165
mawa-modak-recipe-10-1-200x300.jpg,200,300,modak,67,78,128,140
mawa-modak-recipe-2.jpg,500,374,modak,237,182,377,340
mawa-modak-recipe-2.jpg,500,374,modak,357,99,497,273
mawa-modak-recipe-2.jpg,500,374,modak,107,90,240,243
mawa-modak-recipe-2.jpg,500,374,modak,237,92,383,229
mawa-modak-recipe-2.jpg,500,374,modak,222,38,354,129
mawa-modak-recipe23a.jpg,650,805,modak,109,337,318,549
mawa-modak-recipe23a.jpg,650,805,modak,311,463,513,683
mawa-modak-recipe23a.jpg,650,805,modak,459,361,646,583
mawa-modak-recipe23a.jpg,650,805,modak,312,371,487,520
mawa-modak-recipe23a.jpg,650,805,modak,294,246,466,408
maxresdefault.jpg,1280,720,modak,465,218,872,533
maxresdefault.jpg,1280,720,modak,849,33,1240,380
maxresdefault1.jpg,1280,720,modak,497,340,777,707
maxresdefault1.jpg,1280,720,modak,760,403,1104,720
maxresdefault1.jpg,1280,720,modak,820,127,1159,494
maxresdefault1.jpg,1280,720,modak,589,68,848,432
maxresdefault1.jpg,1280,720,modak,259,5,590,264
maxresdefault1.jpg,1280,720,modak,23,106,276,386
maxresdefault2.jpg,1280,720,modak,603,261,964,572
maxresdefault2.jpg,1280,720,modak,982,253,1280,550
maxresdefault2.jpg,1280,720,modak,252,403,539,691
maxresdefault2.jpg,1280,720,modak,195,186,523,466
maxresdefault2.jpg,1280,720,modak,482,12,803,278
maxresdefault2.jpg,1280,720,modak,810,61,1145,337
maxresdefault2.jpg,1280,720,modak,224,19,515,248
maxresdefault3.jpg,1280,720,modak,673,195,1005,498
maxresdefault3.jpg,1280,720,modak,766,497,1076,720
maxresdefault3.jpg,1280,720,modak,497,395,812,681
maxresdefault3.jpg,1280,720,modak,164,176,462,391
maxresdefault3.jpg,1280,720,modak,6,248,285,498
maxresdefault5.jpg,1280,720,modak,387,387,662,635
maxresdefault5.jpg,1280,720,modak,661,378,969,674
maxresdefault5.jpg,1280,720,modak,809,281,1078,482
maxresdefault5.jpg,1280,720,modak,762,140,961,307
maxresdefault5.jpg,1280,720,modak,573,87,786,258
maxresdefault5.jpg,1280,720,modak,532,208,769,410
maxresdefault5.jpg,1280,720,modak,365,120,577,299
maxresdefault5.jpg,1280,720,modak,237,264,498,464
maxresdefault6.jpg,1280,720,modak,273,193,619,516
maxresdefault6.jpg,1280,720,modak,591,345,953,670
maxresdefault6.jpg,1280,720,modak,931,277,1280,599
maxresdefault6.jpg,1280,720,modak,620,124,949,406
maxresdefault6.jpg,1280,720,modak,343,51,670,293
maxresdefault6.jpg,1280,720,modak,11,31,357,351
maxresdefault7.jpg,1280,720,modak,191,248,537,628
maxresdefault7.jpg,1280,720,modak,585,356,1001,694
maxresdefault7.jpg,1280,720,modak,855,144,1261,490
maxresdefault7.jpg,1280,720,modak,484,85,891,408
maxresdefault7.jpg,1280,720,modak,116,3,501,295
Modak-2-380x214.jpg,380,214,modak,85,108,217,198
Modak-2-380x214.jpg,380,214,modak,237,102,362,201
Modak-2-380x214.jpg,380,214,modak,261,55,376,131
Modak-2-380x214.jpg,380,214,modak,153,61,253,152
Modak-2-380x214.jpg,380,214,modak,8,60,121,156
modak-21-12-187184.jpg,750,562,modak,245,149,359,262
modak-21-12-187184.jpg,750,562,modak,308,223,438,355
modak-21-12-187184.jpg,750,562,modak,427,186,549,306
modak-21-12-187184.jpg,750,562,modak,400,356,501,476
modak-21-12-187184.jpg,750,562,modak,260,351,382,478
modak-21-12-187184.jpg,750,562,modak,148,270,283,375
modak-5401b45263719.jpg,580,211,modak,134,47,269,178
modak-5401b45263719.jpg,580,211,modak,229,94,359,211
modak-5401b45263719.jpg,580,211,modak,334,37,459,160
modak-5401b45263719.jpg,580,211,modak,412,8,557,96
modak-5401b45263719.jpg,580,211,modak,429,86,580,207
modak-5401b45263719.jpg,580,211,modak,49,9,185,115
modak-5401b45263719.jpg,580,211,modak,3,87,148,206
modak-57a33d1db303c.jpg,400,467,modak,4,107,334,467
modak-613-1536576354.jpg,600,450,modak,53,95,159,178
modak-613-1536576354.jpg,600,450,modak,158,77,270,180
modak-613-1536576354.jpg,600,450,modak,153,39,249,105
modak-613-1536576354.jpg,600,450,modak,27,51,111,127
modak-613-1536576354.jpg,600,450,modak,343,208,477,289
modak-613-1536576354.jpg,600,450,modak,466,253,591,323
modak-613-1536576354.jpg,600,450,modak,478,180,586,260
modak-655x477.jpg,655,477,modak,345,48,610,475
modak-655x477.jpg,655,477,modak,39,100,340,466
modak-759.jpg,759,422,modak,207,114,383,383
modak-759.jpg,759,422,modak,25,133,197,350
modak-7592.jpg,759,625,modak,129,198,338,384
modak-7592.jpg,759,625,modak,245,316,469,551
modak-7592.jpg,759,625,modak,375,169,581,376
modak-7592.jpg,759,625,modak,477,44,675,217
modak-7592.jpg,759,625,modak,266,53,471,208
Modak-807x1024.jpg,807,1024,modak,263,492,478,688
Modak-807x1024.jpg,807,1024,modak,393,623,644,830
Modak-807x1024.jpg,807,1024,modak,177,677,354,879
Modak-807x1024.jpg,807,1024,modak,401,217,607,476
Modak-807x1024.jpg,807,1024,modak,481,480,631,715
Modak-866x487.jpg,866,487,modak,395,171,624,360
Modak-866x487.jpg,866,487,modak,554,216,827,471
Modak-866x487.jpg,866,487,modak,621,8,845,192
Modak-866x487.jpg,866,487,modak,351,5,558,146
Modak-866x487.jpg,866,487,modak,210,81,418,290
Modak-866x487.jpg,866,487,modak,293,320,580,487
Modak-866x487.jpg,866,487,modak,33,252,285,455
Modak-866x487.jpg,866,487,modak,8,7,224,189
Modak-Feature-Image.jpg,1000,667,modak,281,370,435,522
Modak-Feature-Image.jpg,1000,667,modak,427,386,630,547
Modak-Feature-Image.jpg,1000,667,modak,532,259,725,420
Modak-Feature-Image.jpg,1000,667,modak,261,270,411,394
Modak-Feature-Image.jpg,1000,667,modak,398,325,551,426
modak-for-ganesh-chaturthi-inside_3.jpg,660,535,modak,84,144,287,425
modak-for-ganesh-chaturthi-inside_3.jpg,660,535,modak,274,209,516,478
modak-for-ganesh-chaturthi-inside_3.jpg,660,535,modak,478,122,660,388
modak-for-ganesh-chaturthi-inside_3.jpg,660,535,modak,270,87,484,286
modak-healthy.jpg,820,615,modak,226,342,422,497
modak-healthy.jpg,820,615,modak,418,304,609,506
modak-healthy.jpg,820,615,modak,505,251,671,409
modak-healthy.jpg,820,615,modak,338,250,497,387
modak-healthy.jpg,820,615,modak,176,273,326,430
modak-indian-sweet-dumpling-popular-260nw-665310727.jpg,0,0,modak,213,112,273,161
modak-indian-sweet-dumpling-popular-260nw-665310727.jpg,0,0,modak,180,146,238,194
modak-indian-sweet-dumpling-popular-260nw-665310727.jpg,0,0,modak,124,116,182,167
modak-indian-sweet-dumpling-popular-260nw-665310727.jpg,0,0,modak,166,97,216,143
modak-indian-sweet-dumpling-popular-260nw-665310727.jpg,0,0,modak,214,70,266,112
modak-indian-sweet-dumpling-popular-260nw-665310727.jpg,0,0,modak,172,46,220,95
modak-indian-sweet-dumpling-popular-260nw-665310727.jpg,0,0,modak,131,76,175,114
modak-indian-sweet-made-during-260nw-1476134189.jpg,0,0,modak,106,135,192,208
modak-indian-sweet-made-during-260nw-1476134189.jpg,0,0,modak,193,117,273,189
modak-indian-sweet-made-during-260nw-1476134189.jpg,0,0,modak,43,101,137,178
modak-indian-sweet-made-during-260nw-1476134216.jpg,0,0,modak,134,36,216,112
modak-indian-sweet-made-during-260nw-1476134216.jpg,0,0,modak,168,87,250,144
modak-indian-sweet-made-during-260nw-1476134216.jpg,0,0,modak,228,116,290,178
modak-indian-sweet-made-during-260nw-1476134216.jpg,0,0,modak,138,128,225,188
modak-indian-sweet-made-during-600w-1476134234.jpg,600,420,modak,132,98,234,191
modak-indian-sweet-made-during-600w-1476134234.jpg,600,420,modak,235,87,348,190
modak-indian-sweet-made-during-600w-1476134234.jpg,600,420,modak,317,172,435,283
modak-indian-sweet-made-during-600w-1476134234.jpg,600,420,modak,224,201,321,280
modak-pakwangali-520_092118051929.jpg,520,350,modak,203,17,354,191
modak-pakwangali-520_092118051929.jpg,520,350,modak,244,189,388,321
modak-pakwangali-520_092118051929.jpg,520,350,modak,105,164,252,320
modak-pakwangali_520_020919121500.jpg,0,0,modak,97,5,410,350
modak-pakwangali_520_020919121500.jpg,0,0,modak,306,8,513,280
modak-pakwangali_520_020919121500.jpg,0,0,modak,56,2,223,260
modak-pakwangali_520_091715035634.jpg,520,350,modak,93,157,249,295
modak-pakwangali_520_091715035634.jpg,520,350,modak,196,81,332,226
modak-pakwangali_520_091715035634.jpg,520,350,modak,351,66,510,243
modak-pakwangali_520_091715035634.jpg,520,350,modak,247,14,379,134
modak-pakwangali_520_091715035634.jpg,520,350,modak,136,19,251,100
modak-pakwangali_520_091715035634.jpg,520,350,modak,42,60,194,187
modak-peda-recipe-4-500x375.jpg,500,375,modak,110,48,226,179
modak-peda-recipe-4-500x375.jpg,500,375,modak,242,130,347,269
modak-peda-recipe-4-500x375.jpg,500,375,modak,381,64,500,220
modak-peda-recipe-4-500x375.jpg,500,375,modak,268,31,393,172
modak-peeth-500x500-jpg-500x500.jpg,500,500,modak,151,121,362,420
modak-peeth-500x500-jpg-500x500.jpg,500,500,modak,282,98,450,340
modak-peeth-500x500-jpg-500x500.jpg,500,500,modak,18,99,212,357
modak-png-modak-250.png,250,163,modak,42,60,123,128
modak-png-modak-250.png,250,163,modak,139,73,215,144
modak-png-modak-250.png,250,163,modak,175,37,250,103
modak-png-modak-250.png,250,163,modak,110,44,170,93
modak-png-modak-250.png,250,163,modak,38,28,106,75
modak-recipe-11a-500x500.jpg,500,500,modak,204,185,334,313
modak-recipe-11a-500x500.jpg,500,500,modak,268,298,401,423
modak-recipe-11a-500x500.jpg,500,500,modak,346,187,490,321
modak-recipe-11a-500x500.jpg,500,500,modak,262,79,399,205
modak-recipe-11a-500x500.jpg,500,500,modak,122,95,262,203
modak-recipe-11a-500x500.jpg,500,500,modak,34,186,190,302
modak-recipe-11a-500x500.jpg,500,500,modak,111,302,252,423
modak-recipe.jpg,600,900,modak,141,299,480,615
modak-traditional-dish-made-on-260nw-1487262263.jpg,0,0,modak,201,97,288,172
modak-traditional-dish-made-on-260nw-1487262263.jpg,0,0,modak,216,155,318,232
modak-traditional-dish-made-on-260nw-1487262263.jpg,0,0,modak,281,114,389,211
modak-traditional-dish-made-on-260nw-1487262263.jpg,0,0,modak,284,48,371,126
modak-traditional-dish-made-on-260nw-1487262263.jpg,0,0,modak,192,21,293,93
modak-traditional-dish-made-on-260nw-1487262263.jpg,0,0,modak,108,57,208,140
modak-traditional-dish-made-on-260nw-1487262263.jpg,0,0,modak,113,120,227,220
modak-vedge-1536741890.jpg,640,400,modak,35,68,183,203
modak-vedge-1536741890.jpg,640,400,modak,182,112,323,278
modak-vedge-1536741890.jpg,640,400,modak,330,166,470,328
modak-vedge-1536741890.jpg,640,400,modak,465,220,613,380
MODAK.jpg,670,447,modak,72,189,319,410
MODAK.jpg,670,447,modak,325,215,585,447
MODAK.jpg,670,447,modak,483,46,670,265
MODAK.jpg,670,447,modak,228,13,477,217
MODAK.jpg,670,447,modak,8,3,235,197
Modak0.jpg,800,534,modak,204,245,354,388
Modak0.jpg,800,534,modak,362,264,514,433
Modak0.jpg,800,534,modak,471,182,644,349
Modak0.jpg,800,534,modak,304,164,471,287
Modak0.jpg,800,534,modak,433,89,580,215
Modak0.jpg,800,534,modak,272,38,437,164
Modak0.jpg,800,534,modak,147,129,328,270
modak1-story_647_083116024304.jpg,647,404,modak,23,89,145,275
modak1-story_647_083116024304.jpg,647,404,modak,131,112,285,291
modak1-story_647_083116024304.jpg,647,404,modak,287,113,460,282
modak1485356689_big250120171489182726_wallpaper.jpg,0,0,modak,6,108,250,261
modak1485356689_big250120171489182726_wallpaper.jpg,0,0,modak,302,194,561,360
modak1485356689_big250120171489182726_wallpaper.jpg,0,0,modak,436,35,640,198
modak1485356689_big250120171489182726_wallpaper.jpg,0,0,modak,269,49,458,138
modak2-655x477.jpg,655,477,modak,224,36,420,192
modak2-655x477.jpg,655,477,modak,445,73,641,310
modak2-655x477.jpg,655,477,modak,323,279,533,477
modak2-655x477.jpg,655,477,modak,18,156,237,413
modak2.jpg,800,450,modak,285,171,497,345
modak2.jpg,800,450,modak,372,282,606,450
modak2.jpg,800,450,modak,570,221,795,426
modak2.jpg,800,450,modak,536,69,754,262
modak2.jpg,800,450,modak,338,39,560,216
modak2.jpg,800,450,modak,66,126,309,283
modak2.jpg,800,450,modak,80,217,345,450
modak2.jpg,800,450,modak,96,12,314,190
Modak20watscooking.png,900,560,modak,59,307,419,509
Modak20watscooking.png,900,560,modak,358,226,711,470
Modak20watscooking.png,900,560,modak,315,412,642,560
Modak20watscooking.png,900,560,modak,676,298,900,456
Modak20watscooking.png,900,560,modak,671,157,900,337
Modak20watscooking.png,900,560,modak,419,82,708,269
Modak20watscooking.png,900,560,modak,106,140,435,330
modak3.jpg,460,685,modak,104,290,182,360
modak3.jpg,460,685,modak,168,332,245,399
modak3.jpg,460,685,modak,233,330,329,408
modak3.jpg,460,685,modak,320,356,396,414
modak3.jpg,460,685,modak,308,423,386,490
modak3.jpg,460,685,modak,247,459,333,537
modak3.jpg,460,685,modak,174,460,248,535
modak3.jpg,460,685,modak,203,397,275,467
modak3.jpg,460,685,modak,90,408,183,491
modak3.jpg,460,685,modak,74,359,146,425
modak3.jpg,460,685,modak,179,266,238,332
modak3.jpg,460,685,modak,237,272,307,327
modak3.jpg,460,685,modak,308,283,384,370
modak4.jpg,550,413,modak,194,145,283,216
modak4.jpg,550,413,modak,272,166,354,241
modak4.jpg,550,413,modak,353,158,437,235
modak4.jpg,550,413,modak,427,209,506,289
modak4.jpg,550,413,modak,409,108,513,196
modak4.jpg,550,413,modak,336,92,430,163
modak4.jpg,550,413,modak,283,45,365,118
modak4.jpg,550,413,modak,246,89,333,166
modak4.jpg,550,413,modak,245,248,338,358
modak4.jpg,550,413,modak,331,314,426,406
modak4.jpg,550,413,modak,149,300,271,403
modak4.jpg,550,413,modak,76,217,165,315
modak4.jpg,550,413,modak,176,222,251,295
modak4.jpg,550,413,modak,130,160,205,230
modak4.jpg,550,413,modak,141,77,219,151
modak4.jpg,550,413,modak,63,102,162,177
modak4.jpg,550,413,modak,205,39,284,108
modak5.jpg,1200,800,modak,167,296,344,486
modak5.jpg,1200,800,modak,339,275,534,422
modak5.jpg,1200,800,modak,529,317,705,474
ModakJPG.jpg,300,400,modak,8,102,115,197
ModakJPG.jpg,300,400,modak,97,67,212,181
ModakJPG.jpg,300,400,modak,188,122,293,240
ModakJPG.jpg,300,400,modak,168,231,270,317
ModakJPG.jpg,300,400,modak,90,179,185,268
ModakJPG.jpg,300,400,modak,85,268,194,380
ModakJPG.jpg,300,400,modak,6,199,101,297
modakpalates_desire.jpg,6000,4000,modak,703,1788,2134,3363
modakpalates_desire.jpg,6000,4000,modak,1709,2300,3501,4000
modakpalates_desire.jpg,6000,4000,modak,2760,1693,4098,3031
modakpalates_desire.jpg,6000,4000,modak,1184,1088,2434,2300
modakpalates_desire.jpg,6000,4000,modak,3997,1194,5103,2325
modakpalates_desire.jpg,6000,4000,modak,4153,2163,5934,3994
modakpalates_desire.jpg,6000,4000,modak,5084,1350,6000,2900
modakpalates_desire.jpg,6000,4000,modak,2584,1063,3678,2000
ModakResized.jpg,620,330,modak,171,83,480,330
modaks.gif,640,480,modak,42,134,283,318
modaks.gif,640,480,modak,273,159,508,352
modaks.gif,640,480,modak,458,102,640,286
modaks.gif,640,480,modak,242,47,460,227
modaks.gif,640,480,modak,33,33,246,152
modak_1503646601.jpg,0,0,modak,109,91,342,348
modak_1745376_835x547-m.jpg,835,547,modak,347,230,511,435
modak_1745376_835x547-m.jpg,835,547,modak,467,313,625,507
modak_1745376_835x547-m.jpg,835,547,modak,625,300,810,492
modak_1745376_835x547-m.jpg,835,547,modak,500,195,658,392
modak_1745376_835x547-m.jpg,835,547,modak,269,140,443,331
Modak_offered_to_Lord_Ganesh.jpg,3264,2291,modak,719,1090,1443,1693
Modak_offered_to_Lord_Ganesh.jpg,3264,2291,modak,1433,1055,2253,1886
Modak_offered_to_Lord_Ganesh.jpg,3264,2291,modak,2084,924,2791,1559
Modak_offered_to_Lord_Ganesh.jpg,3264,2291,modak,1588,607,2253,1131
Modak_offered_to_Lord_Ganesh.jpg,3264,2291,modak,1009,579,1716,1197
Modak_offered_to_Lord_Ganesh.jpg,3264,2291,modak,471,655,1119,1221
moongdal-modak.jpg,800,850,modak,300,346,530,494
moongdal-modak.jpg,800,850,modak,473,439,691,642
moongdal-modak.jpg,800,850,modak,479,227,698,422
moongdal-modak.jpg,800,850,modak,293,141,516,312
moongdal-modak.jpg,800,850,modak,104,236,322,417
peanut-modak-recipe.jpg,680,510,modak,143,112,282,237
peanut-modak-recipe.jpg,680,510,modak,279,130,407,264
peanut-modak-recipe.jpg,680,510,modak,417,219,546,349
peanut-modak-recipe.jpg,680,510,modak,289,262,458,416
peanut-modak-recipe.jpg,680,510,modak,140,226,299,351
Photo-18-08-17-2-07-26-PM.jpg,2448,3264,modak,850,1435,1643,2167
Photo-18-08-17-2-07-26-PM.jpg,2448,3264,modak,1539,1914,2357,2724
Photo-18-08-17-2-07-26-PM.jpg,2448,3264,modak,1057,2564,1875,3264
Photo-18-08-17-2-07-26-PM.jpg,2448,3264,modak,389,1992,1261,2796
product-500x5001.jpeg,500,452,modak,238,188,435,334
product-500x5001.jpeg,500,452,modak,134,221,279,396
product-500x5001.jpeg,500,452,modak,228,338,424,452
product-500x5001.jpeg,500,452,modak,68,130,228,247
product-500x5001.jpeg,500,452,modak,215,116,371,212
product-500x5001.jpeg,500,452,modak,316,32,471,158
product-500x5001.jpeg,500,452,modak,373,150,500,299
Puneri_Ukadiche_Modak.jpg,3264,2448,modak,960,1044,1712,1644
Puneri_Ukadiche_Modak.jpg,3264,2448,modak,1829,951,2616,1693
Puneri_Ukadiche_Modak.jpg,3264,2448,modak,2629,1138,3264,1885
Puneri_Ukadiche_Modak.jpg,3264,2448,modak,1905,1503,3129,2396
Puneri_Ukadiche_Modak.jpg,3264,2448,modak,802,1655,2008,2448
Puneri_Ukadiche_Modak.jpg,3264,2448,modak,164,1503,1095,2293
Puneri_Ukadiche_Modak.jpg,3264,2448,modak,440,769,1102,1400
Puneri_Ukadiche_Modak.jpg,3264,2448,modak,2188,541,2774,1186
Puneri_Ukadiche_Modak.jpg,3264,2448,modak,2,1148,647,1913
quint-hindi2F2019-092F2b2aaec1-6a21-4fe0-8bb3-e3312129a4a72FiStock_1041238024.jpg,2121,1194,modak,775,575,1379,1194
quint-hindi2F2019-092F2b2aaec1-6a21-4fe0-8bb3-e3312129a4a72FiStock_1041238024.jpg,2121,1194,modak,1213,188,1673,644
quint-hindi2F2019-092F2b2aaec1-6a21-4fe0-8bb3-e3312129a4a72FiStock_1041238024.jpg,2121,1194,modak,817,273,1266,726
quint-hindi2F2019-092F2b2aaec1-6a21-4fe0-8bb3-e3312129a4a72FiStock_1041238024.jpg,2121,1194,modak,464,104,908,641
rava-modak-1.jpg,740,440,modak,227,200,431,397
rava-modak-1.jpg,740,440,modak,253,70,447,225
rava-modak-1.jpg,740,440,modak,458,90,623,280
rava-modak-1.jpg,740,440,modak,70,224,236,389
rava-modak-1a.jpg,624,623,modak,109,280,273,434
rava-modak-1a.jpg,624,623,modak,146,108,309,252
rava-modak-1a.jpg,624,623,modak,369,71,502,230
rava-modak-1a.jpg,624,623,modak,488,202,605,339
rava-modak-1a.jpg,624,623,modak,324,334,504,490
rava-modak-recipe-500x500.jpg,500,500,modak,123,210,224,295
rava-modak-recipe-500x500.jpg,500,500,modak,209,172,291,255
rava-modak-recipe-500x500.jpg,500,500,modak,251,245,330,322
rava-modak-recipe-500x500.jpg,500,500,modak,169,298,258,367
rava-modak-recipe-500x500.jpg,500,500,modak,247,352,341,416
rava-modak-recipe-500x500.jpg,500,500,modak,126,127,214,194
rava-modak.jpg,680,510,modak,164,148,283,278
rava-modak.jpg,680,510,modak,254,210,378,364
rava-modak.jpg,680,510,modak,384,171,503,315
rava-modak.jpg,680,510,modak,283,86,400,239
rava-modak0.jpg,600,315,modak,231,98,356,193
rava-modak0.jpg,600,315,modak,398,99,508,211
rava-modak0.jpg,600,315,modak,361,177,486,288
rava-modak0.jpg,600,315,modak,233,198,357,300
rava-modak0.jpg,600,315,modak,126,168,229,279
rava-modak0.jpg,600,315,modak,75,90,186,198
rava-modak0.jpg,600,315,modak,131,11,240,131
rava-modak0.jpg,600,315,modak,240,5,347,109
rava-modak0.jpg,600,315,modak,354,12,463,123
rice-modak-.jpg,550,309,modak,97,93,239,216
rice-modak-.jpg,550,309,modak,184,10,302,110
rice-modak-.jpg,550,309,modak,297,55,437,177
rose-modak-2.jpg,697,503,modak,111,125,262,251
rose-modak-2.jpg,697,503,modak,283,174,411,295
rose-modak-2.jpg,697,503,modak,293,59,418,179
rose-modak-2.jpg,697,503,modak,416,79,557,210
rose-modak-2.jpg,697,503,modak,461,248,606,377
rose-modak-2.jpg,697,503,modak,273,324,466,461
rose-modak-2.jpg,697,503,modak,106,279,269,398
Sandesh-Modak.0.jpg,1200,801,modak,377,620,492,722
Sandesh-Modak.0.jpg,1200,801,modak,487,626,634,758
Sandesh-Modak.0.jpg,1200,801,modak,635,631,772,752
Sandesh-Modak.0.jpg,1200,801,modak,631,564,779,671
Sandesh-Modak.0.jpg,1200,801,modak,525,570,628,678
Sandesh-Modak.0.jpg,1200,801,modak,358,547,512,655
Sandesh-Modak.2.jpg,801,1200,modak,215,501,706,991
Sandesh-Modak.3.jpg,801,1200,modak,293,694,581,994
Sandesh-Modak.3.jpg,801,1200,modak,572,728,801,1048
Sandesh-Modak.3.jpg,801,1200,modak,210,573,408,883
savoury-spicy-modak-recipe-main-photo.jpg,751,532,modak,201,262,368,450
savoury-spicy-modak-recipe-main-photo.jpg,751,532,modak,307,133,432,284
savoury-spicy-modak-recipe-main-photo.jpg,751,532,modak,106,143,275,283
savoury-spicy-modak-recipe-main-photo.jpg,751,532,modak,161,15,282,156
sesame-modak-recipe.jpg,800,1200,modak,228,558,589,953
sesame-modak-recipe.jpg,800,1200,modak,498,423,800,755
sesame-modak-recipe.jpg,800,1200,modak,66,381,457,649
sesame-modak-recipe.jpg,800,1200,modak,8,491,180,813
sesame-modak-recipe.jpg,800,1200,modak,13,171,365,464
shutterstock-1438665863-cropped-1566807692.jpg,3482,2176,modak,28,1130,1099,1884
shutterstock-1438665863-cropped-1566807692.jpg,3482,2176,modak,1110,1248,2140,2176
shutterstock-1438665863-cropped-1566807692.jpg,3482,2176,modak,2145,1234,3172,2176
shutterstock-1438665863-cropped-1566807692.jpg,3482,2176,modak,2560,462,3467,1420
shutterstock-1438665863-cropped-1566807692.jpg,3482,2176,modak,1556,677,2638,1416
shutterstock-1438665863-cropped-1566807692.jpg,3482,2176,modak,885,762,1778,1430
shutterstock-1438665863-cropped-1566807692.jpg,3482,2176,modak,760,355,1478,941
shutterstock-1438665863-cropped-1566807692.jpg,3482,2176,modak,1388,309,2167,877
shutterstock-698347375-cropped-1566807864.jpg,5760,3600,modak,796,1438,2352,3013
shutterstock-698347375-cropped-1566807864.jpg,5760,3600,modak,2046,1306,3596,3413
shutterstock-698347375-cropped-1566807864.jpg,5760,3600,modak,3452,1106,4858,3094
shutterstock-698347375-cropped-1566807864.jpg,5760,3600,modak,2308,750,3583,1969
shutterstock-698347375-cropped-1566807864.jpg,5760,3600,modak,964,544,2289,1838
stp-182818-indian-food-steamed-modak-maharashtra-india-asia-DH4AHE.jpg,1300,954,modak,163,496,607,841
stp-182818-indian-food-steamed-modak-maharashtra-india-asia-DH4AHE.jpg,1300,954,modak,612,448,1025,802
stp-182818-indian-food-steamed-modak-maharashtra-india-asia-DH4AHE.jpg,1300,954,modak,861,298,1245,606
stp-182818-indian-food-steamed-modak-maharashtra-india-asia-DH4AHE.jpg,1300,954,modak,661,109,1028,374
stp-182818-indian-food-steamed-modak-maharashtra-india-asia-DH4AHE.jpg,1300,954,modak,432,301,803,585
stp-182818-indian-food-steamed-modak-maharashtra-india-asia-DH4AHE.jpg,1300,954,modak,27,238,427,537
stp-182818-indian-food-steamed-modak-maharashtra-india-asia-DH4AHE.jpg,1300,954,modak,300,105,656,313
Suji-Ke-Modak-FI.jpg,1280,720,modak,557,237,815,576
Suji-Ke-Modak-FI.jpg,1280,720,modak,880,128,1127,418
Suji-Ke-Modak-FI.jpg,1280,720,modak,320,177,570,433
sweet-modak-with-salted-cardamom-sauce.1024x1024-15.png,700,525,modak,131,179,253,287
sweet-modak-with-salted-cardamom-sauce.1024x1024-15.png,700,525,modak,259,199,368,313
sweet-modak-with-salted-cardamom-sauce.1024x1024-15.png,700,525,modak,364,224,472,328
sweet-modak-with-salted-cardamom-sauce.1024x1024-15.png,700,525,modak,467,240,576,346
sweet-modak-with-salted-cardamom-sauce.1024x1024-15.png,700,525,modak,395,334,518,438
sweet-modak-with-salted-cardamom-sauce.1024x1024-15.png,700,525,modak,274,352,411,485
sweet-modak-with-salted-cardamom-sauce.1024x1024-15.png,700,525,modak,162,300,277,424
sweet-modak-with-salted-cardamom-sauce.1024x1024-15.png,700,525,modak,232,85,339,204
sweet-modak-with-salted-cardamom-sauce.1024x1024-15.png,700,525,modak,330,77,441,187
sweet-modak-with-salted-cardamom-sauce.1024x1024-15.png,700,525,modak,430,126,548,231
Traditional_Modak_Recipe_Ukadiche_Modak_Or_Steamed_Modak_recipe_400.jpg,400,266,modak,122,124,217,219
Traditional_Modak_Recipe_Ukadiche_Modak_Or_Steamed_Modak_recipe_400.jpg,400,266,modak,208,99,283,192
Ukadiche-Modak-02.jpg,1024,584,modak,360,5,684,290
Ukadiche-Modak-02.jpg,1024,584,modak,522,252,960,573
Ukadiche-Modak-02.jpg,1024,584,modak,146,191,529,584
Ukadiche-modak-1.jpg,650,488,modak,210,74,592,428
Ukadiche-modak-1.jpg,650,488,modak,2,66,231,488
ukadiche-modak-472x360.jpg,472,360,modak,85,100,230,209
ukadiche-modak-472x360.jpg,472,360,modak,259,75,398,190
ukadiche-modak-472x360.jpg,472,360,modak,164,174,327,320
ukadiche-modak-recipe-10.jpg,500,333,modak,58,144,156,213
ukadiche-modak-recipe-10.jpg,500,333,modak,156,173,233,225
ukadiche-modak-recipe-10.jpg,500,333,modak,242,170,303,242
ukadiche-modak-recipe-10.jpg,500,333,modak,315,195,403,285
ukadiche-modak-recipe-10.jpg,500,333,modak,339,139,406,201
ukadiche-modak-recipe-10.jpg,500,333,modak,266,104,336,172
ukadiche-modak-recipe-10.jpg,500,333,modak,283,44,356,111
ukadiche-modak-recipe-10.jpg,500,333,modak,222,31,288,96
ukadiche-modak-recipe-10.jpg,500,333,modak,203,85,268,165
ukadiche-modak-recipe-10.jpg,500,333,modak,142,90,205,168
ukadiche-modak-recipe-10.jpg,500,333,modak,150,28,227,100
ukadiche-modak-recipe-10.jpg,500,333,modak,68,81,142,156
ukadiche-modak-recipe-10.jpg,500,333,modak,76,219,153,295
ukadiche-modak-recipe-10.jpg,500,333,modak,232,252,324,331
ukadiche-modak-recipe-10.jpg,500,333,modak,145,241,235,327
ukadiche-modak-recipe-13.jpg,667,1000,modak,210,388,381,598
ukadiche-modak-recipe-13.jpg,667,1000,modak,171,499,429,770
ukadiche-modak-recipe-13.jpg,667,1000,modak,382,422,592,687
ukadiche-modak-recipe-13.jpg,667,1000,modak,476,336,640,555
ukadiche-modak-recipe-13.jpg,667,1000,modak,291,306,448,536
ukadiche-modak-recipe-1a.jpg,600,360,modak,106,121,235,258
ukadiche-modak-recipe-1a.jpg,600,360,modak,251,158,368,317
ukadiche-modak-recipe-1a.jpg,600,360,modak,389,155,532,271
ukadiche-modak-recipe-1a.jpg,600,360,modak,381,31,512,156
ukadiche-modak-recipe-1a.jpg,600,360,modak,243,92,390,211
ukadiche-modak-recipe-680x1024.jpg,680,1024,modak,218,543,500,789
ukadiche-modak-recipe-680x1024.jpg,680,1024,modak,397,461,679,676
ukadiche-modak-recipe-680x1024.jpg,680,1024,modak,177,65,427,241
Ukadiche-Modak-Recipe-Rasoi-Menu-640x380.png,640,380,modak,204,107,354,252
Ukadiche-Modak-Recipe-Rasoi-Menu-640x380.png,640,380,modak,346,94,518,218
Ukadiche-Modak-Recipe-Rasoi-Menu-640x380.png,640,380,modak,125,277,316,380
Ukadiche-Modak-Recipe-Rasoi-Menu-640x380.png,640,380,modak,8,131,197,298
Ukadiche-Modak-Recipe-Rasoi-Menu-640x380.png,640,380,modak,98,43,240,140
Ukadiche-Modak-Recipe-Rasoi-Menu-640x380.png,640,380,modak,241,13,389,106
ukadiche-modak-recipe-recipe-of-modak-plain-steamed-modak-1.jpeg,3264,2450,modak,705,942,1350,1480
ukadiche-modak-recipe-recipe-of-modak-plain-steamed-modak-1.jpeg,3264,2450,modak,1222,1214,1898,1801
ukadiche-modak-recipe-recipe-of-modak-plain-steamed-modak-1.jpeg,3264,2450,modak,1926,990,2522,1511
ukadiche-modak-recipe-recipe-of-modak-plain-steamed-modak-1.jpeg,3264,2450,modak,2002,542,2640,1087
ukadiche-modak-recipe-recipe-of-modak-plain-steamed-modak-1.jpeg,3264,2450,modak,1578,270,2084,663
ukadiche-modak-recipe-recipe-of-modak-plain-steamed-modak-1.jpeg,3264,2450,modak,1405,763,2016,1228
ukadiche-modak-recipe-recipe-of-modak-plain-steamed-modak-1.jpeg,3264,2450,modak,574,1480,1278,2018
ukadiche-modak-recipe.jpg,600,900,modak,125,447,253,553
ukadiche-modak-recipe.jpg,600,900,modak,241,490,396,613
ukadiche-modak-recipe.jpg,600,900,modak,382,566,523,675
ukadiche-modak-recipe.jpg,600,900,modak,369,420,518,561
ukadiche-modak-recipe.jpg,600,900,modak,223,570,367,741
ukadiche-modak-recipe.jpg,600,900,modak,86,546,250,659
ukadiche-modak.jpg,830,553,modak,151,81,357,308
ukadiche-modak.jpg,830,553,modak,341,179,548,401
ukadiche-modak.jpg,830,553,modak,195,309,379,501
ukadiche-modak.jpg,830,553,modak,23,244,217,480
UkadicheModak1.jpg,475,633,modak,81,290,201,390
UkadicheModak1.jpg,475,633,modak,190,353,305,443
UkadicheModak1.jpg,475,633,modak,244,421,370,551
UkadicheModak1.jpg,475,633,modak,304,311,422,437
UkadicheModak1.jpg,475,633,modak,206,259,330,352
Ukadiche_Modak_28Rice29.jpg,2048,1365,modak,554,616,1097,1012
Ukadiche_Modak_28Rice29.jpg,2048,1365,modak,1369,773,1703,1112
Ukadiche_Modak_28Rice29.jpg,2048,1365,modak,1450,454,1803,799
Ukadiche_Modak_28Rice29.jpg,2048,1365,modak,1158,195,1614,539
Ukadiche_Modak_28Rice29.jpg,2048,1365,modak,1056,492,1471,899
Ukadiche_Modak_28Rice29.jpg,2048,1365,modak,899,863,1346,1305
Ukadiche_Modak_28Rice29.jpg,2048,1365,modak,252,739,724,1184
Ukadiche_Modak_28Rice29.jpg,2048,1365,modak,133,543,520,875
Ukadiche_Modak_28Rice29.jpg,2048,1365,modak,409,350,735,758
Ukadiche_Modak_28Rice29.jpg,2048,1365,modak,648,218,1135,595
Ukadiche_Modak_28Rice29.jpg,2048,1365,modak,380,90,818,397
ukdiche-modak-foodies.jpg,550,367,modak,78,119,191,201
ukdiche-modak-foodies.jpg,550,367,modak,172,167,276,248
ukdiche-modak-foodies.jpg,550,367,modak,255,111,349,195
ukdiche-modak-foodies.jpg,550,367,modak,335,165,432,250
ukdiche-modak-foodies.jpg,550,367,modak,285,227,392,327
ukdiche-modak-foodies.jpg,550,367,modak,201,256,304,340
ukdiche-modak-foodies.jpg,550,367,modak,382,104,485,198
ukdiche-modak-foodies.jpg,550,367,modak,323,47,409,134
ukdiche-modak-foodies.jpg,550,367,modak,239,30,314,101
ukdiche-modak-foodies.jpg,550,367,modak,168,73,260,165
ukdiche-modak-foodies.jpg,550,367,modak,77,198,209,294
Ukdiche-Modak.jpg,690,390,modak,264,202,415,340
Ukdiche-Modak.jpg,690,390,modak,235,157,329,274
Ukdiche-Modak.jpg,690,390,modak,330,128,437,255
Ukdiche-Modak.jpg,690,390,modak,434,185,543,342
Ukdiche-Modak.jpg,690,390,modak,434,138,554,250
Ukdiche-Modak.jpg,690,390,modak,376,93,491,186
Ukdiche-Modak.jpg,690,390,modak,266,90,383,184
vella-kozhukattai-modak51.jpg,518,346,modak,163,45,398,320
vella-kozhukattai-modak51.jpg,518,346,modak,21,1,204,175
